2018-05-09 04:03:38,1,r/announcements,0,2018-05-09 04:11:29,0,7,2513,0
2018-05-09 04:03:38,1,r/announcements,0,2018-05-09 04:15:31,1,3,908,0
2018-05-09 04:03:38,1,r/announcements,0,2018-05-09 04:25:57,2,4,340,0
2018-05-09 04:03:38,1,r/announcements,0,2018-05-09 04:31:16,3,3,122,0
2018-05-09 04:03:38,1,r/announcements,0,2018-05-09 04:33:45,4,1,100,0
2018-05-09 04:03:38,1,r/announcements,0,2018-05-09 04:35:53,5,2,89,0
2018-05-09 04:03:38,1,r/announcements,0,2018-05-09 04:37:44,6,1,87,0
2018-05-09 04:03:38,1,r/announcements,0,2018-05-09 04:38:46,7,1,78,0
2018-05-09 04:03:38,1,r/announcements,0,2018-05-09 04:39:51,8,1,73,0
2018-05-09 04:03:38,1,r/announcements,0,2018-05-09 04:42:21,9,1,71,0
2018-05-09 04:03:38,1,r/announcements,0,2018-05-09 04:34:03,4,0,3,0
2018-05-09 04:03:38,1,r/announcements,0,2018-05-09 04:46:43,3,0,5,0
2018-05-09 04:03:38,1,r/announcements,0,2018-05-09 05:52:12,3,0,2,0
2018-05-09 04:03:38,1,r/announcements,0,2018-05-09 05:09:54,2,6,354,0
2018-05-09 04:03:38,1,r/announcements,0,2018-05-09 05:17:19,3,2,122,0
2018-05-09 04:03:38,1,r/announcements,0,2018-05-09 05:29:16,4,2,80,0
2018-05-09 04:03:38,1,r/announcements,0,2018-05-09 05:31:41,5,2,16,0
2018-05-09 04:03:38,1,r/announcements,0,2018-05-09 05:39:06,6,6,12,0
2018-05-09 04:03:38,1,r/announcements,0,2018-05-09 05:49:42,7,0,13,0
2018-05-09 04:03:38,1,r/announcements,0,2018-05-09 05:57:53,7,0,3,0
2018-05-09 04:03:38,1,r/announcements,0,2018-05-09 05:45:35,7,1,3,0
2018-05-09 04:03:38,1,r/announcements,0,2018-05-09 05:47:52,7,0,4,0
2018-05-09 04:03:38,1,r/announcements,0,2018-05-09 05:52:30,7,0,-3,0
2018-05-09 04:03:38,1,r/announcements,0,2018-05-09 05:34:28,6,3,4,0
2018-05-09 04:03:38,1,r/announcements,0,2018-05-09 05:39:14,7,0,4,0
2018-05-09 04:03:38,1,r/announcements,0,2018-05-09 05:41:08,7,0,3,0
2018-05-09 04:03:38,1,r/announcements,0,2018-05-09 05:19:36,3,0,7,0
2018-05-09 04:03:38,1,r/announcements,0,2018-05-09 05:21:21,3,2,3,0
2018-05-09 04:03:38,1,r/announcements,0,2018-05-09 05:24:31,4,3,24,0
2018-05-09 04:03:38,1,r/announcements,0,2018-05-09 05:38:17,5,1,13,0
2018-05-09 04:03:38,1,r/announcements,0,2018-05-09 05:29:40,5,1,6,0
2018-05-09 04:03:38,1,r/announcements,0,2018-05-09 05:36:08,6,1,3,0
2018-05-09 04:03:38,1,r/announcements,0,2018-05-09 05:45:26,7,0,3,0
2018-05-09 04:03:38,1,r/announcements,0,2018-05-09 05:23:15,3,0,1,0
2018-05-09 04:03:38,1,r/announcements,0,2018-05-09 05:41:11,3,0,1,0
2018-05-09 04:03:38,1,r/announcements,0,2018-05-09 04:14:24,1,1,30,0
2018-05-09 04:03:38,1,r/announcements,0,2018-05-09 04:20:33,2,1,15,0
2018-05-09 04:03:38,1,r/announcements,0,2018-05-09 04:22:20,3,1,8,0
2018-05-09 04:03:38,1,r/announcements,0,2018-05-09 04:23:52,4,1,8,0
2018-05-09 04:03:38,1,r/announcements,0,2018-05-09 04:25:05,5,1,7,0
2018-05-09 04:03:38,1,r/announcements,0,2018-05-09 04:27:10,6,1,9,0
2018-05-09 04:03:38,1,r/announcements,0,2018-05-09 04:28:50,7,1,7,0
2018-05-09 04:03:38,1,r/announcements,0,2018-05-09 04:29:21,8,1,6,0
2018-05-09 04:03:38,1,r/announcements,0,2018-05-09 04:30:36,9,1,9,0
2018-05-09 04:03:38,1,r/announcements,0,2018-05-09 04:48:30,1,0,23,0
2018-05-09 04:03:38,1,r/announcements,0,2018-05-09 05:38:07,1,3,3,0
2018-05-09 04:03:38,1,r/announcements,0,2018-05-09 05:43:34,2,0,7,0
2018-05-09 04:03:38,1,r/announcements,0,2018-05-09 05:43:52,2,1,2,0
2018-05-09 04:03:38,1,r/announcements,0,2018-05-09 05:44:04,2,0,2,0
2018-05-09 04:03:38,1,r/announcements,0,2018-05-09 04:56:25,1,0,3,0
2018-05-09 04:03:38,1,r/announcements,0,2018-05-09 04:53:55,1,2,3,0
2018-05-09 04:03:38,1,r/announcements,0,2018-05-09 05:03:56,2,0,6,0
2018-05-09 04:03:38,1,r/announcements,0,2018-05-09 05:04:07,2,0,3,0
2018-05-09 04:03:38,1,r/announcements,1,2018-05-09 04:43:23,0,5,262,0
2018-05-09 04:03:38,1,r/announcements,1,2018-05-09 05:20:49,1,6,36,0
2018-05-09 04:03:38,1,r/announcements,1,2018-05-09 05:38:24,2,1,9,0
2018-05-09 04:03:38,1,r/announcements,1,2018-05-09 05:26:33,2,0,1,0
2018-05-09 04:03:38,1,r/announcements,1,2018-05-09 05:39:05,2,0,1,0
2018-05-09 04:03:38,1,r/announcements,1,2018-05-09 05:42:20,2,0,1,0
2018-05-09 04:03:38,1,r/announcements,1,2018-05-09 05:43:09,2,1,1,0
2018-05-09 04:03:38,1,r/announcements,1,2018-05-09 05:48:20,3,0,2,0
2018-05-09 04:03:38,1,r/announcements,1,2018-05-09 05:27:29,1,1,24,0
2018-05-09 04:03:38,1,r/announcements,1,2018-05-09 05:30:38,2,1,9,0
2018-05-09 04:03:38,1,r/announcements,1,2018-05-09 05:44:55,3,1,2,0
2018-05-09 04:03:38,1,r/announcements,1,2018-05-09 05:49:21,1,0,6,0
2018-05-09 04:03:38,1,r/announcements,1,2018-05-09 05:36:12,1,1,1,0
2018-05-09 04:03:38,1,r/announcements,1,2018-05-09 05:40:36,2,1,4,0
2018-05-09 04:03:38,1,r/announcements,1,2018-05-09 05:44:37,3,0,1,0
2018-05-09 04:03:38,1,r/announcements,2,2018-05-09 04:06:08,0,14,883,0
2018-05-09 04:03:38,1,r/announcements,2,2018-05-09 04:26:06,1,7,134,0
2018-05-09 04:03:38,1,r/announcements,2,2018-05-09 04:42:28,2,1,32,0
2018-05-09 04:03:38,1,r/announcements,2,2018-05-09 04:35:38,2,3,32,0
2018-05-09 04:03:38,1,r/announcements,2,2018-05-09 04:41:43,3,1,65,0
2018-05-09 04:03:38,1,r/announcements,2,2018-05-09 04:43:20,4,1,64,0
2018-05-09 04:03:38,1,r/announcements,2,2018-05-09 04:46:47,5,0,21,0
2018-05-09 04:03:38,1,r/announcements,2,2018-05-09 04:43:00,3,2,19,0
2018-05-09 04:03:38,1,r/announcements,2,2018-05-09 04:51:11,4,1,12,0
2018-05-09 04:03:38,1,r/announcements,2,2018-05-09 05:00:51,5,2,8,0
2018-05-09 04:03:38,1,r/announcements,2,2018-05-09 05:12:19,6,0,5,0
2018-05-09 04:03:38,1,r/announcements,2,2018-05-09 05:02:05,6,0,2,0
2018-05-09 04:03:38,1,r/announcements,2,2018-05-09 05:32:48,4,0,3,0
2018-05-09 04:03:38,1,r/announcements,2,2018-05-09 04:48:42,3,4,3,0
2018-05-09 04:03:38,1,r/announcements,2,2018-05-09 05:11:10,4,0,2,0
2018-05-09 04:03:38,1,r/announcements,2,2018-05-09 05:27:15,4,0,2,0
2018-05-09 04:03:38,1,r/announcements,2,2018-05-09 04:54:27,4,1,1,0
2018-05-09 04:03:38,1,r/announcements,2,2018-05-09 05:33:48,4,0,1,0
2018-05-09 04:03:38,1,r/announcements,2,2018-05-09 05:22:20,2,1,4,0
2018-05-09 04:03:38,1,r/announcements,2,2018-05-09 05:06:52,2,0,3,0
2018-05-09 04:03:38,1,r/announcements,2,2018-05-09 04:41:57,2,0,2,0
2018-05-09 04:03:38,1,r/announcements,2,2018-05-09 04:35:01,2,0,0,0
2018-05-09 04:03:38,1,r/announcements,2,2018-05-09 04:13:30,1,4,52,0
2018-05-09 04:03:38,1,r/announcements,2,2018-05-09 04:22:26,2,2,35,0
2018-05-09 04:03:38,1,r/announcements,2,2018-05-09 04:26:13,3,0,7,0
2018-05-09 04:03:38,1,r/announcements,2,2018-05-09 04:36:38,2,1,2,0
2018-05-09 04:03:38,1,r/announcements,2,2018-05-09 05:43:50,2,0,1,0
2018-05-09 04:03:38,1,r/announcements,2,2018-05-09 04:30:50,1,6,12,0
2018-05-09 04:03:38,1,r/announcements,2,2018-05-09 04:38:14,2,1,19,0
2018-05-09 04:03:38,1,r/announcements,2,2018-05-09 05:30:56,3,0,5,0
2018-05-09 04:03:38,1,r/announcements,2,2018-05-09 04:51:42,2,0,5,0
2018-05-09 04:03:38,1,r/announcements,2,2018-05-09 04:43:08,2,0,4,0
2018-05-09 04:03:38,1,r/announcements,2,2018-05-09 04:52:53,2,0,3,0
2018-05-09 04:03:38,1,r/announcements,2,2018-05-09 04:36:39,2,0,2,0
2018-05-09 04:03:38,1,r/announcements,2,2018-05-09 04:22:12,1,1,14,0
2018-05-09 04:03:38,1,r/announcements,2,2018-05-09 04:33:46,1,1,2,0
2018-05-09 04:03:38,1,r/announcements,2,2018-05-09 04:56:34,1,0,3,0
2018-05-09 04:03:38,1,r/announcements,2,2018-05-09 05:12:21,1,0,2,0
2018-05-09 04:03:38,1,r/announcements,2,2018-05-09 04:12:09,1,4,8,0
2018-05-09 04:03:38,1,r/announcements,2,2018-05-09 04:13:05,2,0,6,0
2018-05-09 04:03:38,1,r/announcements,2,2018-05-09 04:31:01,2,0,2,0
2018-05-09 04:03:38,1,r/announcements,2,2018-05-09 05:27:15,2,0,1,0
2018-05-09 04:03:38,1,r/announcements,2,2018-05-09 04:14:04,1,2,0,0
2018-05-09 04:03:38,1,r/announcements,2,2018-05-09 04:59:52,2,1,5,0
2018-05-09 04:03:38,1,r/announcements,2,2018-05-09 04:15:55,1,0,2,0
2018-05-09 04:03:38,1,r/announcements,2,2018-05-09 05:11:58,1,0,1,0
2018-05-09 04:03:38,1,r/announcements,2,2018-05-09 05:22:53,1,1,1,0
2018-05-09 04:03:38,1,r/announcements,2,2018-05-09 05:25:28,2,0,1,0
2018-05-09 04:03:38,1,r/announcements,2,2018-05-09 05:31:57,1,1,1,0
2018-05-09 04:03:38,1,r/announcements,2,2018-05-09 05:39:51,2,1,1,0
2018-05-09 04:03:38,1,r/announcements,2,2018-05-09 05:42:35,3,0,1,0
2018-05-09 04:03:38,1,r/announcements,3,2018-05-09 05:01:36,0,4,226,0
2018-05-09 04:03:38,1,r/announcements,3,2018-05-09 05:13:15,1,1,7,0
2018-05-09 04:03:38,1,r/announcements,3,2018-05-09 05:59:35,2,0,2,0
2018-05-09 04:03:38,1,r/announcements,3,2018-05-09 05:27:29,1,2,3,0
2018-05-09 04:03:38,1,r/announcements,3,2018-05-09 05:43:11,2,0,4,0
2018-05-09 04:03:38,1,r/announcements,3,2018-05-09 05:38:07,2,0,2,0
2018-05-09 04:03:38,1,r/announcements,3,2018-05-09 05:21:22,1,0,1,0
2018-05-09 04:03:38,1,r/announcements,4,2018-05-09 04:12:27,0,25,2406,0
2018-05-09 04:03:38,1,r/announcements,4,2018-05-09 04:17:13,1,2,129,0
2018-05-09 04:03:38,1,r/announcements,4,2018-05-09 04:43:31,2,2,77,0
2018-05-09 04:03:38,1,r/announcements,4,2018-05-09 05:00:21,3,3,20,0
2018-05-09 04:03:38,1,r/announcements,4,2018-05-09 05:03:11,4,0,34,0
2018-05-09 04:03:38,1,r/announcements,4,2018-05-09 05:12:08,4,1,12,0
2018-05-09 04:03:38,1,r/announcements,4,2018-05-09 05:13:58,5,0,2,0
2018-05-09 04:03:38,1,r/announcements,4,2018-05-09 05:17:38,2,0,2,0
2018-05-09 04:03:38,1,r/announcements,4,2018-05-09 04:24:18,1,2,63,0
2018-05-09 04:03:38,1,r/announcements,4,2018-05-09 04:41:47,2,1,23,0
2018-05-09 04:03:38,1,r/announcements,4,2018-05-09 04:43:37,3,2,6,0
2018-05-09 04:03:38,1,r/announcements,4,2018-05-09 04:51:05,4,1,10,0
2018-05-09 04:03:38,1,r/announcements,4,2018-05-09 05:33:20,5,0,2,0
2018-05-09 04:03:38,1,r/announcements,4,2018-05-09 04:59:14,4,1,5,0
2018-05-09 04:03:38,1,r/announcements,4,2018-05-09 05:34:49,5,1,2,0
2018-05-09 04:03:38,1,r/announcements,4,2018-05-09 05:41:24,6,0,1,0
2018-05-09 04:03:38,1,r/announcements,4,2018-05-09 04:34:24,1,2,20,0
2018-05-09 04:03:38,1,r/announcements,4,2018-05-09 05:08:00,2,1,9,0
2018-05-09 04:03:38,1,r/announcements,4,2018-05-09 05:16:08,2,1,2,0
2018-05-09 04:03:38,1,r/announcements,4,2018-05-09 04:30:46,1,0,14,0
2018-05-09 04:03:38,1,r/announcements,4,2018-05-09 04:34:51,1,1,15,0
2018-05-09 04:03:38,1,r/announcements,4,2018-05-09 04:49:43,2,2,4,0
2018-05-09 04:03:38,1,r/announcements,4,2018-05-09 05:10:22,3,0,1,0
2018-05-09 04:03:38,1,r/announcements,4,2018-05-09 04:34:56,1,0,11,0
2018-05-09 04:03:38,1,r/announcements,4,2018-05-09 04:45:54,1,2,44,0
2018-05-09 04:03:38,1,r/announcements,4,2018-05-09 05:00:13,2,1,21,0
2018-05-09 04:03:38,1,r/announcements,4,2018-05-09 05:33:11,3,2,3,0
2018-05-09 04:03:38,1,r/announcements,4,2018-05-09 05:39:14,4,0,2,0
2018-05-09 04:03:38,1,r/announcements,4,2018-05-09 04:44:41,1,0,4,0
2018-05-09 04:03:38,1,r/announcements,4,2018-05-09 04:28:26,1,1,7,0
2018-05-09 04:03:38,1,r/announcements,4,2018-05-09 04:48:06,1,0,3,0
2018-05-09 04:03:38,1,r/announcements,4,2018-05-09 05:01:41,1,0,3,0
2018-05-09 04:03:38,1,r/announcements,4,2018-05-09 04:23:01,1,1,8,0
2018-05-09 04:03:38,1,r/announcements,4,2018-05-09 04:28:42,2,1,10,0
2018-05-09 04:03:38,1,r/announcements,4,2018-05-09 04:36:08,3,0,3,0
2018-05-09 04:03:38,1,r/announcements,4,2018-05-09 04:15:20,1,1,9,0
2018-05-09 04:03:38,1,r/announcements,4,2018-05-09 04:30:03,2,1,5,0
2018-05-09 04:03:38,1,r/announcements,4,2018-05-09 04:45:47,1,0,2,0
2018-05-09 04:03:38,1,r/announcements,4,2018-05-09 05:10:02,1,0,2,0
2018-05-09 04:03:38,1,r/announcements,4,2018-05-09 05:29:39,1,0,2,0
2018-05-09 04:03:38,1,r/announcements,4,2018-05-09 05:34:13,1,0,2,0
2018-05-09 04:03:38,1,r/announcements,4,2018-05-09 05:37:22,1,0,2,0
2018-05-09 04:03:38,1,r/announcements,4,2018-05-09 04:54:15,1,1,0,0
2018-05-09 04:03:38,1,r/announcements,4,2018-05-09 05:03:43,2,2,3,0
2018-05-09 04:03:38,1,r/announcements,4,2018-05-09 05:25:57,3,1,2,0
2018-05-09 04:03:38,1,r/announcements,4,2018-05-09 05:32:53,4,0,0,0
2018-05-09 04:03:38,1,r/announcements,4,2018-05-09 05:32:41,3,0,2,0
2018-05-09 04:03:38,1,r/announcements,4,2018-05-09 05:02:48,1,0,1,0
2018-05-09 04:03:38,1,r/announcements,4,2018-05-09 05:16:57,1,0,1,0
2018-05-09 04:03:38,1,r/announcements,4,2018-05-09 05:34:59,1,0,1,0
2018-05-09 04:03:38,1,r/announcements,4,2018-05-09 05:42:11,1,0,1,0
2018-05-09 04:03:38,1,r/announcements,4,2018-05-09 05:44:24,1,0,1,0
2018-05-09 04:03:38,1,r/announcements,5,2018-05-09 04:11:53,0,5,315,0
2018-05-09 04:03:38,1,r/announcements,5,2018-05-09 04:25:38,1,3,71,0
2018-05-09 04:03:38,1,r/announcements,5,2018-05-09 04:51:07,2,1,14,0
2018-05-09 04:03:38,1,r/announcements,5,2018-05-09 05:07:15,3,1,6,0
2018-05-09 04:03:38,1,r/announcements,5,2018-05-09 05:06:37,2,0,1,0
2018-05-09 04:03:38,1,r/announcements,5,2018-05-09 04:57:51,1,0,7,0
2018-05-09 04:03:38,1,r/announcements,5,2018-05-09 04:42:25,1,0,11,0
2018-05-09 04:03:38,1,r/announcements,5,2018-05-09 05:14:57,1,0,2,0
2018-05-09 04:03:38,1,r/announcements,6,2018-05-09 04:05:14,0,6,340,0
2018-05-09 04:03:38,1,r/announcements,6,2018-05-09 04:20:03,1,0,55,0
2018-05-09 04:03:38,1,r/announcements,6,2018-05-09 04:20:57,1,0,21,0
2018-05-09 04:03:38,1,r/announcements,6,2018-05-09 04:39:42,1,0,3,0
2018-05-09 04:03:38,1,r/announcements,6,2018-05-09 04:16:04,1,1,5,0
2018-05-09 04:03:38,1,r/announcements,6,2018-05-09 04:16:15,2,3,5,0
2018-05-09 04:03:38,1,r/announcements,6,2018-05-09 04:26:53,3,1,8,0
2018-05-09 04:03:38,1,r/announcements,6,2018-05-09 04:28:02,3,1,2,0
2018-05-09 04:03:38,1,r/announcements,6,2018-05-09 04:28:05,4,1,2,0
2018-05-09 04:03:38,1,r/announcements,6,2018-05-09 05:09:56,1,0,1,0
2018-05-09 04:03:38,1,r/announcements,7,2018-05-09 04:20:48,0,5,233,0
2018-05-09 04:03:38,1,r/announcements,7,2018-05-09 04:35:37,1,3,15,0
2018-05-09 04:03:38,1,r/announcements,7,2018-05-09 04:41:33,2,1,13,0
2018-05-09 04:03:38,1,r/announcements,7,2018-05-09 04:42:13,3,0,4,0
2018-05-09 04:03:38,1,r/announcements,7,2018-05-09 04:37:41,2,0,16,0
2018-05-09 04:03:38,1,r/announcements,7,2018-05-09 04:59:03,1,0,5,0
2018-05-09 04:03:38,1,r/announcements,7,2018-05-09 05:08:33,1,0,4,0
2018-05-09 04:03:38,1,r/announcements,7,2018-05-09 04:54:28,1,1,3,0
2018-05-09 04:03:38,1,r/announcements,7,2018-05-09 04:55:28,2,0,2,0
2018-05-09 04:03:38,1,r/announcements,7,2018-05-09 05:41:22,1,0,1,0
2018-05-09 04:03:38,1,r/announcements,8,2018-05-09 04:13:25,0,7,450,0
2018-05-09 04:03:38,1,r/announcements,8,2018-05-09 04:42:00,1,2,22,0
2018-05-09 04:03:38,1,r/announcements,8,2018-05-09 05:15:11,2,1,1,0
2018-05-09 04:03:38,1,r/announcements,8,2018-05-09 05:21:59,3,0,1,0
2018-05-09 04:03:38,1,r/announcements,8,2018-05-09 04:40:17,1,0,12,0
2018-05-09 04:03:38,1,r/announcements,8,2018-05-09 04:49:41,1,2,11,0
2018-05-09 04:03:38,1,r/announcements,8,2018-05-09 04:57:20,2,2,10,0
2018-05-09 04:03:38,1,r/announcements,8,2018-05-09 05:26:43,3,0,6,0
2018-05-09 04:03:38,1,r/announcements,8,2018-05-09 05:44:56,3,0,3,0
2018-05-09 04:03:38,1,r/announcements,8,2018-05-09 04:57:06,1,0,3,0
2018-05-09 04:03:38,1,r/announcements,8,2018-05-09 04:27:50,1,2,5,0
2018-05-09 04:03:38,1,r/announcements,8,2018-05-09 04:46:50,2,1,9,0
2018-05-09 04:03:38,1,r/announcements,8,2018-05-09 04:55:55,3,1,9,0
2018-05-09 04:03:38,1,r/announcements,8,2018-05-09 05:02:11,2,0,1,0
2018-05-09 04:03:38,1,r/announcements,8,2018-05-09 04:38:14,1,0,1,0
2018-05-09 04:03:38,1,r/announcements,9,2018-05-09 04:11:28,0,8,269,1
2018-05-09 04:03:38,1,r/announcements,9,2018-05-09 04:24:26,1,3,32,0
2018-05-09 04:03:38,1,r/announcements,9,2018-05-09 04:30:04,2,1,10,0
2018-05-09 04:03:38,1,r/announcements,9,2018-05-09 05:18:42,3,0,3,0
2018-05-09 04:03:38,1,r/announcements,9,2018-05-09 04:52:43,2,1,2,0
2018-05-09 04:03:38,1,r/announcements,9,2018-05-09 04:55:08,3,0,2,0
2018-05-09 04:03:38,1,r/announcements,9,2018-05-09 04:34:29,1,1,11,0
2018-05-09 04:03:38,1,r/announcements,9,2018-05-09 04:40:40,1,1,8,0
2018-05-09 04:03:38,1,r/announcements,9,2018-05-09 04:41:28,2,0,11,0
2018-05-09 04:03:38,1,r/announcements,9,2018-05-09 04:45:26,1,0,2,0
2018-05-09 04:03:38,1,r/announcements,9,2018-05-09 04:40:15,1,0,5,0
2018-05-09 04:03:38,1,r/announcements,9,2018-05-09 04:43:19,1,2,2,0
2018-05-09 04:03:38,1,r/announcements,9,2018-05-09 04:49:07,2,1,4,0
2018-05-09 04:03:38,1,r/announcements,9,2018-05-09 04:50:04,3,0,2,0
2018-05-09 04:03:38,1,r/announcements,9,2018-05-09 04:25:20,1,2,6,0
2018-05-09 04:03:38,1,r/announcements,9,2018-05-09 04:29:24,2,0,5,0
2018-05-09 04:03:38,1,r/announcements,9,2018-05-09 04:56:54,1,0,1,0
2018-05-09 04:03:38,1,r/announcements,10,2018-05-09 04:30:39,0,5,195,0
2018-05-09 04:03:38,1,r/announcements,10,2018-05-09 04:40:42,1,2,43,0
2018-05-09 04:03:38,1,r/announcements,10,2018-05-09 05:08:05,2,0,18,0
2018-05-09 04:03:38,1,r/announcements,10,2018-05-09 05:09:16,1,1,18,0
2018-05-09 04:03:38,1,r/announcements,10,2018-05-09 05:27:45,2,0,9,0
2018-05-09 04:03:38,1,r/announcements,10,2018-05-09 05:15:09,1,0,3,0
2018-05-09 04:03:38,1,r/announcements,10,2018-05-09 05:38:44,1,0,1,0
2018-05-09 04:03:38,1,r/announcements,11,2018-05-09 04:50:37,0,2,58,0
2018-05-09 04:03:38,1,r/announcements,11,2018-05-09 05:19:01,1,0,3,0
2018-05-09 04:03:38,1,r/announcements,12,2018-05-09 04:49:12,0,1,53,0
2018-05-09 04:03:38,1,r/announcements,12,2018-05-09 05:19:55,1,1,3,0
2018-05-09 04:03:38,1,r/announcements,12,2018-05-09 05:28:06,2,1,4,0
2018-05-09 04:03:38,1,r/announcements,13,2018-05-09 04:08:34,0,1,57,0
2018-05-09 04:03:38,1,r/announcements,13,2018-05-09 04:42:39,1,0,16,0
2018-05-09 04:03:38,1,r/announcements,14,2018-05-09 05:10:59,0,1,23,0
2018-05-09 04:03:38,1,r/announcements,14,2018-05-09 05:46:02,1,0,3,0
2018-05-09 04:03:38,1,r/announcements,15,2018-05-09 04:05:47,0,8,94,0
2018-05-09 04:03:38,1,r/announcements,15,2018-05-09 04:25:40,1,1,34,0
2018-05-09 04:03:38,1,r/announcements,15,2018-05-09 04:38:40,2,1,19,0
2018-05-09 04:03:38,1,r/announcements,15,2018-05-09 05:03:34,3,0,2,0
2018-05-09 04:03:38,1,r/announcements,15,2018-05-09 04:17:41,1,0,8,0
2018-05-09 04:03:38,1,r/announcements,15,2018-05-09 04:19:40,1,1,20,0
2018-05-09 04:03:38,1,r/announcements,15,2018-05-09 04:39:08,2,1,15,0
2018-05-09 04:03:38,1,r/announcements,15,2018-05-09 05:10:35,3,0,2,0
2018-05-09 04:03:38,1,r/announcements,15,2018-05-09 04:11:36,1,2,14,0
2018-05-09 04:03:38,1,r/announcements,15,2018-05-09 04:42:23,2,1,6,0
2018-05-09 04:03:38,1,r/announcements,15,2018-05-09 04:42:48,3,1,7,0
2018-05-09 04:03:38,1,r/announcements,15,2018-05-09 04:44:44,4,0,4,0
2018-05-09 04:03:38,1,r/announcements,15,2018-05-09 04:43:22,2,0,2,0
2018-05-09 04:03:38,1,r/announcements,15,2018-05-09 04:25:26,1,0,2,0
2018-05-09 04:03:38,1,r/announcements,15,2018-05-09 04:20:55,1,0,1,0
2018-05-09 04:03:38,1,r/announcements,15,2018-05-09 04:28:27,1,0,1,0
2018-05-09 04:03:38,1,r/announcements,15,2018-05-09 04:58:50,1,0,1,0
2018-05-09 04:03:38,1,r/announcements,16,2018-05-09 04:21:25,0,8,210,0
2018-05-09 04:03:38,1,r/announcements,16,2018-05-09 04:39:28,1,2,46,0
2018-05-09 04:03:38,1,r/announcements,16,2018-05-09 04:50:43,2,2,31,0
2018-05-09 04:03:38,1,r/announcements,16,2018-05-09 05:14:51,3,0,7,0
2018-05-09 04:03:38,1,r/announcements,16,2018-05-09 04:59:03,3,0,5,0
2018-05-09 04:03:38,1,r/announcements,16,2018-05-09 04:54:25,1,0,3,0
2018-05-09 04:03:38,1,r/announcements,16,2018-05-09 05:13:06,1,1,3,0
2018-05-09 04:03:38,1,r/announcements,16,2018-05-09 04:39:45,1,0,4,0
2018-05-09 04:03:38,1,r/announcements,16,2018-05-09 04:45:39,1,0,4,0
2018-05-09 04:03:38,1,r/announcements,16,2018-05-09 04:46:40,1,1,1,0
2018-05-09 04:03:38,1,r/announcements,16,2018-05-09 05:12:34,1,0,2,0
2018-05-09 04:03:38,1,r/announcements,16,2018-05-09 05:18:13,1,0,1,0
2018-05-09 04:03:38,1,r/announcements,17,2018-05-09 04:04:44,0,1,21,0
2018-05-09 04:03:38,1,r/announcements,17,2018-05-09 04:09:04,1,3,15,0
2018-05-09 04:03:38,1,r/announcements,17,2018-05-09 04:14:49,2,4,21,0
2018-05-09 04:03:38,1,r/announcements,17,2018-05-09 04:37:09,3,1,12,0
2018-05-09 04:03:38,1,r/announcements,17,2018-05-09 05:37:07,4,0,2,0
2018-05-09 04:03:38,1,r/announcements,17,2018-05-09 04:31:31,3,2,7,0
2018-05-09 04:03:38,1,r/announcements,17,2018-05-09 04:34:34,4,0,8,0
2018-05-09 04:03:38,1,r/announcements,17,2018-05-09 05:47:48,4,0,2,0
2018-05-09 04:03:38,1,r/announcements,17,2018-05-09 04:42:45,3,0,3,0
2018-05-09 04:03:38,1,r/announcements,17,2018-05-09 04:55:40,3,0,2,0
2018-05-09 04:03:38,1,r/announcements,17,2018-05-09 04:23:11,2,1,14,0
2018-05-09 04:03:38,1,r/announcements,17,2018-05-09 04:54:58,3,0,5,0
2018-05-09 04:03:38,1,r/announcements,17,2018-05-09 04:14:18,2,0,9,0
2018-05-09 04:03:38,1,r/announcements,18,2018-05-09 05:03:32,0,0,9,0
2018-05-09 04:03:38,1,r/announcements,19,2018-05-09 04:10:48,0,2,40,0
2018-05-09 04:03:38,1,r/announcements,19,2018-05-09 04:22:35,1,0,10,0
2018-05-09 04:03:38,1,r/announcements,20,2018-05-09 04:34:29,0,4,44,0
2018-05-09 04:03:38,1,r/announcements,20,2018-05-09 04:44:08,1,1,12,0
2018-05-09 04:03:38,1,r/announcements,20,2018-05-09 04:49:20,2,1,4,0
2018-05-09 04:03:38,1,r/announcements,20,2018-05-09 05:03:02,3,1,3,0
2018-05-09 04:03:38,1,r/announcements,20,2018-05-09 05:06:04,4,0,3,0
2018-05-09 04:03:38,1,r/announcements,20,2018-05-09 05:04:35,1,0,3,0
2018-05-09 04:03:38,1,r/announcements,20,2018-05-09 05:04:01,1,0,3,0
2018-05-09 04:03:38,1,r/announcements,21,2018-05-09 05:07:03,0,2,22,0
2018-05-09 04:03:38,1,r/announcements,21,2018-05-09 05:28:16,1,0,3,0
2018-05-09 04:03:38,1,r/announcements,21,2018-05-09 05:33:56,1,1,5,0
2018-05-09 04:03:38,1,r/announcements,21,2018-05-09 05:46:50,2,0,3,0
2018-05-09 04:03:38,1,r/announcements,22,2018-05-09 05:10:45,0,0,6,0
2018-05-09 04:03:38,1,r/announcements,23,2018-05-09 05:03:29,0,1,6,0
2018-05-09 04:03:38,1,r/announcements,23,2018-05-09 05:05:53,1,1,7,0
2018-05-09 04:03:38,1,r/announcements,23,2018-05-09 05:11:44,2,0,5,0
2018-05-09 04:03:38,1,r/announcements,24,2018-05-09 04:34:42,0,1,12,0
2018-05-09 04:03:38,1,r/announcements,25,2018-05-09 04:28:27,0,0,17,0
2018-05-09 04:03:38,1,r/announcements,26,2018-05-09 04:59:40,0,0,5,0
2018-05-09 04:03:38,1,r/announcements,27,2018-05-09 04:25:33,0,0,8,0
2018-05-09 04:03:38,1,r/announcements,28,2018-05-09 04:09:13,0,1,27,0
2018-05-09 04:03:38,1,r/announcements,28,2018-05-09 04:19:21,1,1,7,0
2018-05-09 04:03:38,1,r/announcements,28,2018-05-09 04:24:52,2,0,2,0
2018-05-09 04:03:38,1,r/announcements,29,2018-05-09 04:30:46,0,1,27,0
2018-05-09 04:03:38,1,r/announcements,30,2018-05-09 04:30:56,0,3,26,0
2018-05-09 04:03:38,1,r/announcements,30,2018-05-09 04:44:16,1,0,9,0
2018-05-09 04:03:38,1,r/announcements,30,2018-05-09 05:31:55,1,0,1,0
2018-05-09 04:03:38,1,r/announcements,31,2018-05-09 04:10:37,0,4,14,0
2018-05-09 04:03:38,1,r/announcements,31,2018-05-09 04:13:46,1,1,26,0
2018-05-09 04:03:38,1,r/announcements,31,2018-05-09 04:59:48,2,0,7,0
2018-05-09 04:03:38,1,r/announcements,31,2018-05-09 04:16:26,1,0,7,0
2018-05-09 04:03:38,1,r/announcements,31,2018-05-09 04:21:31,1,0,5,0
2018-05-09 04:03:38,1,r/announcements,31,2018-05-09 05:14:39,1,0,1,0
2018-05-09 04:03:38,1,r/announcements,32,2018-05-09 04:50:56,0,0,8,0
2018-05-09 04:03:38,1,r/announcements,33,2018-05-09 04:54:44,0,0,4,0
2018-05-09 04:03:38,1,r/announcements,34,2018-05-09 04:58:59,0,0,4,0
2018-05-09 04:03:38,1,r/announcements,35,2018-05-09 05:09:17,0,0,4,0
2018-05-09 04:03:38,1,r/announcements,36,2018-05-09 05:18:29,0,0,3,0
2018-05-09 04:03:38,1,r/announcements,37,2018-05-09 05:16:01,0,2,12,0
2018-05-09 04:03:38,1,r/announcements,37,2018-05-09 05:47:42,1,0,2,0
2018-05-09 04:03:38,1,r/announcements,37,2018-05-09 05:30:23,1,0,1,0
2018-05-09 04:03:38,1,r/announcements,38,2018-05-09 04:21:25,0,1,25,0
2018-05-09 04:03:38,1,r/announcements,38,2018-05-09 05:32:49,1,0,2,0
2018-05-09 04:03:38,1,r/announcements,39,2018-05-09 04:51:41,0,4,6,0
2018-05-09 04:03:38,1,r/announcements,39,2018-05-09 05:05:16,1,0,5,0
2018-05-09 04:03:38,1,r/announcements,39,2018-05-09 05:13:35,1,0,4,0
2018-05-09 04:03:38,1,r/announcements,39,2018-05-09 05:26:48,1,0,3,0
2018-05-09 04:03:38,1,r/announcements,39,2018-05-09 05:23:22,1,0,1,0
2018-05-09 04:03:38,1,r/announcements,40,2018-05-09 04:14:07,0,1,16,0
2018-05-09 04:03:38,1,r/announcements,40,2018-05-09 04:32:32,1,0,3,0
2018-05-09 04:03:38,1,r/announcements,41,2018-05-09 04:16:07,0,0,17,0
2018-05-09 04:03:38,1,r/announcements,42,2018-05-09 04:37:06,0,1,8,0
2018-05-09 04:03:38,1,r/announcements,42,2018-05-09 05:14:40,1,0,3,0
2018-05-09 04:03:38,1,r/announcements,43,2018-05-09 04:09:06,0,2,15,0
2018-05-09 04:03:38,1,r/announcements,43,2018-05-09 04:14:21,1,0,12,0
2018-05-09 04:03:38,1,r/announcements,43,2018-05-09 04:35:16,1,0,5,0
2018-05-09 04:03:38,1,r/announcements,44,2018-05-09 05:22:28,0,1,2,0
2018-05-09 04:03:38,1,r/announcements,45,2018-05-09 05:27:07,0,1,3,0
2018-05-09 04:03:38,1,r/announcements,46,2018-05-09 05:34:15,0,0,3,0
2018-05-09 04:03:38,1,r/announcements,47,2018-05-09 05:41:18,0,0,3,0
2018-05-09 04:03:38,1,r/announcements,48,2018-05-09 05:42:14,0,0,3,0
2018-05-09 04:03:38,1,r/announcements,49,2018-05-09 05:42:48,0,0,3,0
2018-05-09 04:03:38,1,r/announcements,50,2018-05-09 05:45:12,0,0,3,0
2018-05-09 04:03:38,1,r/announcements,51,2018-05-09 04:34:18,0,1,11,0
2018-05-09 04:03:38,1,r/announcements,52,2018-05-09 04:07:05,0,1,23,0
2018-05-09 04:03:38,1,r/announcements,53,2018-05-09 04:15:47,0,0,6,0
2018-05-09 04:03:38,1,r/announcements,54,2018-05-09 04:47:16,0,0,5,0
2018-05-09 04:03:38,1,r/announcements,55,2018-05-09 04:11:43,0,2,16,0
2018-05-09 04:03:38,1,r/announcements,55,2018-05-09 04:13:50,1,0,1,0
2018-05-09 04:03:38,1,r/announcements,56,2018-05-09 04:25:46,0,0,8,0
2018-05-09 04:03:38,1,r/announcements,57,2018-05-09 04:08:08,0,1,13,0
2018-05-09 04:03:38,1,r/announcements,58,2018-05-09 04:38:05,0,0,5,0
2018-05-09 04:03:38,1,r/announcements,59,2018-05-09 04:24:41,0,2,8,0
2018-05-09 04:03:38,1,r/announcements,59,2018-05-09 04:46:31,1,0,4,0
2018-05-09 04:03:38,1,r/announcements,59,2018-05-09 04:52:49,1,0,2,0
2018-05-09 04:03:38,1,r/announcements,60,2018-05-09 04:05:14,0,0,7,0
2018-05-09 04:03:38,1,r/announcements,61,2018-05-09 04:12:46,0,2,11,0
2018-05-09 04:03:38,1,r/announcements,61,2018-05-09 04:58:34,1,1,4,0
2018-05-09 04:03:38,1,r/announcements,61,2018-05-09 05:05:51,2,0,4,0
2018-05-09 04:03:38,1,r/announcements,61,2018-05-09 05:56:54,1,0,2,0
2018-05-09 04:03:38,1,r/announcements,62,2018-05-09 05:22:10,0,0,4,0
2018-05-09 04:03:38,1,r/announcements,63,2018-05-09 04:46:49,0,0,7,0
2018-05-09 04:03:38,1,r/announcements,64,2018-05-09 04:14:03,0,1,5,0
2018-05-09 04:03:38,1,r/announcements,64,2018-05-09 04:55:44,1,0,1,0
2018-05-09 04:03:38,1,r/announcements,65,2018-05-09 04:49:55,0,0,6,0
2018-05-09 04:03:38,1,r/announcements,66,2018-05-09 04:14:59,0,0,6,0
2018-05-09 04:03:38,1,r/announcements,67,2018-05-09 04:03:47,0,1,5,0
2018-05-09 04:03:38,1,r/announcements,67,2018-05-09 04:03:56,1,0,2,0
2018-05-09 04:03:38,1,r/announcements,68,2018-05-09 04:46:03,0,0,2,0
2018-05-09 04:03:38,1,r/announcements,69,2018-05-09 04:56:00,0,0,2,0
2018-05-09 04:03:38,1,r/announcements,70,2018-05-09 04:58:16,0,0,2,0
2018-05-09 04:03:38,1,r/announcements,71,2018-05-09 05:03:11,0,0,2,0
2018-05-09 04:03:38,1,r/announcements,72,2018-05-09 05:07:06,0,0,2,0
2018-05-09 04:03:38,1,r/announcements,73,2018-05-09 05:07:17,0,0,1,0
2018-05-09 04:03:38,1,r/announcements,74,2018-05-09 05:09:50,0,0,1,0
2018-05-09 04:03:38,1,r/announcements,75,2018-05-09 05:10:34,0,0,1,0
2018-05-09 04:03:38,1,r/announcements,76,2018-05-09 05:16:54,0,0,1,0
2018-05-09 04:03:38,1,r/announcements,77,2018-05-09 05:20:30,0,0,3,0
2018-05-09 04:03:38,1,r/announcements,78,2018-05-09 05:20:35,0,0,2,0
2018-05-09 04:03:38,1,r/announcements,79,2018-05-09 05:23:16,0,0,1,0
2018-05-09 04:03:38,1,r/announcements,80,2018-05-09 05:23:29,0,0,1,0
2018-05-09 04:03:38,1,r/announcements,81,2018-05-09 05:24:00,0,0,2,0
2018-05-09 04:03:38,1,r/announcements,82,2018-05-09 05:24:22,0,0,1,0
2018-05-09 04:03:38,1,r/announcements,83,2018-05-09 05:24:41,0,1,1,0
2018-05-09 04:03:38,1,r/announcements,84,2018-05-09 05:29:06,0,0,2,0
2018-05-09 04:03:38,1,r/announcements,85,2018-05-09 05:30:20,0,0,2,0
2018-05-09 04:03:38,1,r/announcements,86,2018-05-09 05:30:35,0,0,2,0
2018-05-09 04:03:38,1,r/announcements,87,2018-05-09 05:42:07,0,0,2,0
2018-05-09 04:03:38,1,r/announcements,88,2018-05-09 05:48:24,0,0,1,0
2018-05-09 04:03:38,1,r/announcements,89,2018-05-09 05:49:39,0,0,2,0
2018-05-09 04:03:38,1,r/announcements,90,2018-05-09 05:57:12,0,1,2,0
2018-05-09 04:03:38,1,r/announcements,91,2018-05-09 05:59:23,0,0,2,0
2018-05-09 04:03:38,1,r/announcements,92,2018-05-09 04:32:10,0,0,5,0
2018-05-09 04:03:38,1,r/announcements,93,2018-05-09 04:35:22,0,0,6,0
2018-05-09 04:03:38,1,r/announcements,94,2018-05-09 04:16:02,0,0,2,0
2018-05-09 04:03:38,1,r/announcements,95,2018-05-09 05:06:23,0,0,3,0
2018-05-09 04:03:38,1,r/announcements,96,2018-05-09 05:26:14,0,0,3,0
2018-05-09 04:03:38,1,r/announcements,97,2018-05-09 04:52:10,0,0,3,0
2018-05-09 04:03:38,1,r/announcements,98,2018-05-09 05:05:11,0,1,2,0
2018-05-09 04:03:38,1,r/announcements,98,2018-05-09 05:33:47,1,1,2,0
2018-05-09 04:03:38,1,r/announcements,99,2018-05-09 05:15:57,0,0,2,0
2018-05-09 04:03:38,1,r/announcements,100,2018-05-09 04:06:40,0,0,4,0
2018-05-09 04:03:38,1,r/announcements,101,2018-05-09 04:12:52,0,0,5,0
2018-05-09 04:03:38,1,r/announcements,102,2018-05-09 04:10:21,0,1,2,0
2018-05-09 04:03:38,1,r/announcements,103,2018-05-09 04:17:12,0,4,3,0
2018-05-09 04:03:38,1,r/announcements,103,2018-05-09 04:30:29,1,1,8,0
2018-05-09 04:03:38,1,r/announcements,103,2018-05-09 04:45:47,2,0,3,0
2018-05-09 04:03:38,1,r/announcements,103,2018-05-09 04:55:24,1,0,1,0
2018-05-09 04:03:38,1,r/announcements,103,2018-05-09 05:25:34,1,0,1,0
2018-05-09 04:03:38,1,r/announcements,104,2018-05-09 04:05:00,0,2,3,0
2018-05-09 04:03:38,1,r/announcements,104,2018-05-09 04:45:04,1,1,12,0
2018-05-09 04:03:38,1,r/announcements,104,2018-05-09 05:26:31,1,1,3,0
2018-05-09 04:03:38,1,r/announcements,104,2018-05-09 05:28:34,2,0,2,0
2018-05-09 04:03:38,1,r/announcements,105,2018-05-09 04:11:04,0,1,6,0
2018-05-09 04:03:38,1,r/announcements,105,2018-05-09 04:29:03,1,1,5,0
2018-05-09 04:03:38,1,r/announcements,106,2018-05-09 04:07:55,0,2,5,0
2018-05-09 04:03:38,1,r/announcements,106,2018-05-09 04:48:45,1,2,10,0
2018-05-09 04:03:38,1,r/announcements,106,2018-05-09 04:59:09,2,0,7,0
2018-05-09 04:03:38,1,r/announcements,107,2018-05-09 04:14:02,0,0,1,0
2018-05-09 04:03:38,1,r/announcements,108,2018-05-09 04:43:13,0,0,2,0
2018-05-09 04:03:38,1,r/announcements,109,2018-05-09 04:15:09,0,0,1,0
2018-05-09 04:03:38,1,r/announcements,110,2018-05-09 04:41:30,0,2,1,0
2018-05-09 04:03:38,1,r/announcements,110,2018-05-09 05:12:32,1,0,2,0
2018-05-09 04:03:38,1,r/announcements,110,2018-05-09 04:51:14,1,1,1,0
2018-05-09 04:03:38,1,r/announcements,110,2018-05-09 04:53:48,2,0,2,0
2018-05-09 04:03:38,1,r/announcements,111,2018-05-09 04:56:36,0,0,1,0
2018-05-09 04:03:38,1,r/announcements,112,2018-05-09 05:32:18,0,0,2,0
2018-05-09 04:03:38,1,r/announcements,113,2018-05-09 04:15:22,0,1,3,0
2018-05-09 04:03:38,1,r/announcements,113,2018-05-09 05:44:02,1,0,1,0
2018-05-09 04:03:38,1,r/announcements,114,2018-05-09 04:23:04,0,0,3,0
2018-05-09 04:03:38,1,r/announcements,115,2018-05-09 04:24:30,0,2,1,0
2018-05-09 04:03:38,1,r/announcements,115,2018-05-09 05:00:49,1,0,0,0
2018-05-09 04:03:38,1,r/announcements,115,2018-05-09 05:11:43,1,0,0,0
2018-05-09 04:03:38,1,r/announcements,116,2018-05-09 05:03:23,0,0,1,0
2018-05-09 04:03:38,1,r/announcements,117,2018-05-09 05:21:21,0,1,0,0
2018-05-09 04:03:38,1,r/announcements,117,2018-05-09 05:27:16,1,0,2,0
2018-05-09 04:03:38,1,r/announcements,118,2018-05-09 05:32:15,0,1,2,0
2018-05-09 04:03:38,1,r/announcements,119,2018-05-09 04:33:08,0,1,1,0
2018-05-09 04:03:38,1,r/announcements,120,2018-05-09 04:33:44,0,0,1,0
2018-05-09 04:03:38,1,r/announcements,121,2018-05-09 05:11:09,0,0,1,0
2018-05-09 04:03:38,1,r/announcements,122,2018-05-09 04:05:23,0,0,0,0
2018-05-09 04:03:38,1,r/announcements,123,2018-05-09 04:18:00,0,1,3,0
2018-05-09 04:03:38,1,r/announcements,123,2018-05-09 04:33:32,1,0,2,0
2018-05-09 04:03:38,1,r/announcements,124,2018-05-09 04:29:17,0,0,0,0
2018-05-09 04:03:38,1,r/announcements,125,2018-05-09 04:05:14,0,3,-2,0
2018-05-09 04:03:38,1,r/announcements,125,2018-05-09 04:06:33,1,0,28,0
2018-05-09 04:03:38,1,r/announcements,125,2018-05-09 04:13:34,1,1,6,0
2018-05-09 04:03:38,1,r/announcements,125,2018-05-09 04:23:24,1,0,1,0
2018-05-09 04:03:38,1,r/announcements,126,2018-05-09 04:43:32,0,0,1,0
2018-05-09 04:03:38,1,r/announcements,127,2018-05-09 04:45:14,0,0,1,0
2018-05-09 04:03:38,1,r/announcements,128,2018-05-09 04:52:31,0,1,2,0
2018-05-09 04:03:38,1,r/announcements,128,2018-05-09 05:37:18,1,0,1,0
2018-05-09 04:03:38,1,r/announcements,129,2018-05-09 04:59:25,0,0,0,0
2018-05-09 04:03:38,1,r/announcements,130,2018-05-09 05:01:34,0,0,1,0
2018-05-09 04:03:38,1,r/announcements,131,2018-05-09 05:05:41,0,0,1,0
2018-05-09 04:03:38,1,r/announcements,132,2018-05-09 05:05:53,0,0,1,0
2018-05-09 04:03:38,1,r/announcements,133,2018-05-09 05:06:17,0,0,1,0
2018-05-09 04:03:38,1,r/announcements,134,2018-05-09 05:08:42,0,0,1,0
2018-05-09 04:03:38,1,r/announcements,135,2018-05-09 05:17:10,0,0,0,0
2018-05-09 04:03:38,1,r/announcements,136,2018-05-09 05:17:53,0,0,0,0
2018-05-09 04:03:38,1,r/announcements,137,2018-05-09 05:19:11,0,0,2,0
2018-05-09 04:03:38,1,r/announcements,138,2018-05-09 05:20:07,0,0,2,0
2018-05-09 04:03:38,1,r/announcements,139,2018-05-09 05:23:58,0,0,0,0
2018-05-09 04:03:38,1,r/announcements,140,2018-05-09 05:24:16,0,0,1,0
2018-05-09 04:03:38,1,r/announcements,141,2018-05-09 05:27:55,0,0,1,0
2018-05-09 04:03:38,1,r/announcements,142,2018-05-09 05:29:09,0,0,1,0
2018-05-09 04:03:38,1,r/announcements,143,2018-05-09 05:31:26,0,0,1,0
2018-05-09 04:03:38,1,r/announcements,144,2018-05-09 05:32:37,0,0,1,0
2018-05-09 04:03:38,1,r/announcements,145,2018-05-09 05:38:08,0,0,1,0
2018-05-09 04:03:38,1,r/announcements,146,2018-05-09 05:40:12,0,0,1,0
2018-05-09 04:03:38,1,r/announcements,147,2018-05-09 05:40:43,0,0,1,0
2018-05-09 01:27:03,2,r/funny,0,2018-05-09 01:45:04,0,22,3845,0
2018-05-09 01:27:03,2,r/funny,0,2018-05-09 02:42:20,1,10,1837,0
2018-05-09 01:27:03,2,r/funny,0,2018-05-09 03:12:23,2,1,779,0
2018-05-09 01:27:03,2,r/funny,0,2018-05-09 03:53:31,3,6,181,0
2018-05-09 01:27:03,2,r/funny,0,2018-05-09 04:04:09,4,6,142,0
2018-05-09 01:27:03,2,r/funny,0,2018-05-09 04:05:58,5,2,105,0
2018-05-09 01:27:03,2,r/funny,0,2018-05-09 04:26:24,6,6,46,0
2018-05-09 01:27:03,2,r/funny,0,2018-05-09 05:16:47,7,0,7,0
2018-05-09 01:27:03,2,r/funny,0,2018-05-09 04:28:16,7,0,4,0
2018-05-09 01:27:03,2,r/funny,0,2018-05-09 04:30:17,7,0,1,0
2018-05-09 01:27:03,2,r/funny,0,2018-05-09 04:32:13,7,0,1,0
2018-05-09 01:27:03,2,r/funny,0,2018-05-09 04:48:50,7,0,1,0
2018-05-09 01:27:03,2,r/funny,0,2018-05-09 05:25:39,7,0,1,0
2018-05-09 01:27:03,2,r/funny,0,2018-05-09 05:21:00,6,0,1,0
2018-05-09 01:27:03,2,r/funny,0,2018-05-09 04:06:31,5,1,10,0
2018-05-09 01:27:03,2,r/funny,0,2018-05-09 04:25:02,6,2,15,0
2018-05-09 01:27:03,2,r/funny,0,2018-05-09 04:28:27,7,2,8,0
2018-05-09 01:27:03,2,r/funny,0,2018-05-09 04:37:33,8,0,7,0
2018-05-09 01:27:03,2,r/funny,0,2018-05-09 04:47:16,8,0,3,0
2018-05-09 01:27:03,2,r/funny,0,2018-05-09 04:58:52,7,0,1,0
2018-05-09 01:27:03,2,r/funny,0,2018-05-09 04:49:04,5,0,2,0
2018-05-09 01:27:03,2,r/funny,0,2018-05-09 04:55:37,5,0,1,0
2018-05-09 01:27:03,2,r/funny,0,2018-05-09 05:27:27,5,0,1,0
2018-05-09 01:27:03,2,r/funny,0,2018-05-09 04:06:08,5,1,0,0
2018-05-09 01:27:03,2,r/funny,0,2018-05-09 04:08:24,6,0,3,0
2018-05-09 01:27:03,2,r/funny,0,2018-05-09 04:10:34,4,1,13,0
2018-05-09 01:27:03,2,r/funny,0,2018-05-09 04:13:28,5,0,13,0
2018-05-09 01:27:03,2,r/funny,0,2018-05-09 04:18:44,4,0,4,0
2018-05-09 01:27:03,2,r/funny,0,2018-05-09 04:03:49,4,1,10,0
2018-05-09 01:27:03,2,r/funny,0,2018-05-09 04:14:32,5,0,1,0
2018-05-09 01:27:03,2,r/funny,0,2018-05-09 04:33:38,4,0,2,0
2018-05-09 01:27:03,2,r/funny,0,2018-05-09 04:34:37,4,0,1,0
2018-05-09 01:27:03,2,r/funny,0,2018-05-09 04:42:37,2,0,12,0
2018-05-09 01:27:03,2,r/funny,0,2018-05-09 04:26:58,2,0,15,0
2018-05-09 01:27:03,2,r/funny,0,2018-05-09 05:29:45,2,0,3,0
2018-05-09 01:27:03,2,r/funny,0,2018-05-09 04:45:10,2,0,1,0
2018-05-09 01:27:03,2,r/funny,0,2018-05-09 05:04:37,2,0,1,0
2018-05-09 01:27:03,2,r/funny,0,2018-05-09 05:08:33,2,0,1,0
2018-05-09 01:27:03,2,r/funny,0,2018-05-09 05:25:07,2,0,1,0
2018-05-09 01:27:03,2,r/funny,0,2018-05-09 05:30:58,2,0,1,0
2018-05-09 01:27:03,2,r/funny,0,2018-05-09 05:46:54,2,0,1,0
2018-05-09 01:27:03,2,r/funny,0,2018-05-09 02:14:31,1,4,113,0
2018-05-09 01:27:03,2,r/funny,0,2018-05-09 03:01:45,2,1,50,0
2018-05-09 01:27:03,2,r/funny,0,2018-05-09 04:37:27,3,0,0,0
2018-05-09 01:27:03,2,r/funny,0,2018-05-09 03:31:01,2,2,25,0
2018-05-09 01:27:03,2,r/funny,0,2018-05-09 03:51:57,3,6,43,0
2018-05-09 01:27:03,2,r/funny,0,2018-05-09 04:00:36,4,1,21,0
2018-05-09 01:27:03,2,r/funny,0,2018-05-09 04:04:29,5,0,9,0
2018-05-09 01:27:03,2,r/funny,0,2018-05-09 03:59:47,4,0,10,0
2018-05-09 01:27:03,2,r/funny,0,2018-05-09 04:03:43,4,0,9,0
2018-05-09 01:27:03,2,r/funny,0,2018-05-09 04:09:05,4,0,2,0
2018-05-09 01:27:03,2,r/funny,0,2018-05-09 04:09:14,4,0,2,0
2018-05-09 01:27:03,2,r/funny,0,2018-05-09 05:18:57,4,0,1,0
2018-05-09 01:27:03,2,r/funny,0,2018-05-09 04:12:42,3,2,14,0
2018-05-09 01:27:03,2,r/funny,0,2018-05-09 04:34:03,4,0,2,0
2018-05-09 01:27:03,2,r/funny,0,2018-05-09 05:14:18,4,0,1,0
2018-05-09 01:27:03,2,r/funny,0,2018-05-09 04:11:12,2,0,6,0
2018-05-09 01:27:03,2,r/funny,0,2018-05-09 04:17:00,2,1,3,0
2018-05-09 01:27:03,2,r/funny,0,2018-05-09 04:41:40,3,1,2,0
2018-05-09 01:27:03,2,r/funny,0,2018-05-09 04:43:26,4,1,1,0
2018-05-09 01:27:03,2,r/funny,0,2018-05-09 04:44:50,5,0,2,0
2018-05-09 01:27:03,2,r/funny,0,2018-05-09 03:10:38,1,1,25,0
2018-05-09 01:27:03,2,r/funny,0,2018-05-09 03:38:02,2,1,12,0
2018-05-09 01:27:03,2,r/funny,0,2018-05-09 04:17:16,3,0,4,0
2018-05-09 01:27:03,2,r/funny,0,2018-05-09 03:46:53,1,1,16,0
2018-05-09 01:27:03,2,r/funny,0,2018-05-09 04:18:13,2,0,2,0
2018-05-09 01:27:03,2,r/funny,0,2018-05-09 04:06:07,1,1,14,0
2018-05-09 01:27:03,2,r/funny,0,2018-05-09 05:06:50,2,0,1,0
2018-05-09 01:27:03,2,r/funny,0,2018-05-09 03:49:03,1,1,11,0
2018-05-09 01:27:03,2,r/funny,0,2018-05-09 04:19:16,2,0,3,0
2018-05-09 01:27:03,2,r/funny,0,2018-05-09 04:08:09,1,0,4,0
2018-05-09 01:27:03,2,r/funny,0,2018-05-09 04:56:41,1,0,3,0
2018-05-09 01:27:03,2,r/funny,0,2018-05-09 02:01:43,1,1,4,0
2018-05-09 01:27:03,2,r/funny,0,2018-05-09 04:42:52,2,0,1,0
2018-05-09 01:27:03,2,r/funny,0,2018-05-09 04:16:23,1,0,1,0
2018-05-09 01:27:03,2,r/funny,0,2018-05-09 04:17:16,1,0,1,0
2018-05-09 01:27:03,2,r/funny,0,2018-05-09 04:30:58,1,0,1,0
2018-05-09 01:27:03,2,r/funny,0,2018-05-09 04:31:53,1,0,1,0
2018-05-09 01:27:03,2,r/funny,0,2018-05-09 04:40:17,1,0,1,0
2018-05-09 01:27:03,2,r/funny,0,2018-05-09 04:41:54,1,0,1,0
2018-05-09 01:27:03,2,r/funny,0,2018-05-09 04:43:33,1,0,1,0
2018-05-09 01:27:03,2,r/funny,0,2018-05-09 05:02:42,1,0,1,0
2018-05-09 01:27:03,2,r/funny,0,2018-05-09 05:40:41,1,0,1,0
2018-05-09 01:27:03,2,r/funny,0,2018-05-09 05:57:48,1,0,1,0
2018-05-09 01:27:03,2,r/funny,0,2018-05-09 02:24:00,1,1,1,0
2018-05-09 01:27:03,2,r/funny,0,2018-05-09 03:09:03,2,1,2,0
2018-05-09 01:27:03,2,r/funny,0,2018-05-09 05:04:33,3,0,1,0
2018-05-09 01:27:03,2,r/funny,0,2018-05-09 02:18:36,1,0,-5,0
2018-05-09 01:27:03,2,r/funny,0,2018-05-09 02:06:45,1,0,-3,0
2018-05-09 01:27:03,2,r/funny,1,2018-05-09 01:54:16,0,5,772,0
2018-05-09 01:27:03,2,r/funny,1,2018-05-09 02:10:16,1,3,313,0
2018-05-09 01:27:03,2,r/funny,1,2018-05-09 03:32:39,2,2,276,0
2018-05-09 01:27:03,2,r/funny,1,2018-05-09 03:52:02,3,1,94,0
2018-05-09 01:27:03,2,r/funny,1,2018-05-09 04:40:20,4,0,20,0
2018-05-09 01:27:03,2,r/funny,1,2018-05-09 04:50:29,3,2,-5,0
2018-05-09 01:27:03,2,r/funny,1,2018-05-09 04:58:22,4,0,19,0
2018-05-09 01:27:03,2,r/funny,1,2018-05-09 04:57:16,4,1,11,0
2018-05-09 01:27:03,2,r/funny,1,2018-05-09 05:28:45,5,0,5,0
2018-05-09 01:27:03,2,r/funny,1,2018-05-09 04:08:28,2,2,45,0
2018-05-09 01:27:03,2,r/funny,1,2018-05-09 04:26:27,3,2,27,0
2018-05-09 01:27:03,2,r/funny,1,2018-05-09 04:32:29,4,0,14,0
2018-05-09 01:27:03,2,r/funny,1,2018-05-09 05:15:34,4,0,1,0
2018-05-09 01:27:03,2,r/funny,1,2018-05-09 05:46:00,3,0,1,0
2018-05-09 01:27:03,2,r/funny,1,2018-05-09 04:12:54,2,1,7,0
2018-05-09 01:27:03,2,r/funny,1,2018-05-09 04:17:00,3,1,31,0
2018-05-09 01:27:03,2,r/funny,1,2018-05-09 04:30:04,4,1,17,0
2018-05-09 01:27:03,2,r/funny,1,2018-05-09 04:38:59,5,1,7,0
2018-05-09 01:27:03,2,r/funny,1,2018-05-09 05:16:26,6,0,4,0
2018-05-09 01:27:03,2,r/funny,1,2018-05-09 04:20:28,1,2,113,0
2018-05-09 01:27:03,2,r/funny,1,2018-05-09 04:26:10,2,2,28,0
2018-05-09 01:27:03,2,r/funny,1,2018-05-09 04:32:29,3,1,22,0
2018-05-09 01:27:03,2,r/funny,1,2018-05-09 04:35:12,4,1,14,0
2018-05-09 01:27:03,2,r/funny,1,2018-05-09 04:36:45,5,2,17,0
2018-05-09 01:27:03,2,r/funny,1,2018-05-09 04:53:18,6,1,8,0
2018-05-09 01:27:03,2,r/funny,1,2018-05-09 05:07:38,7,1,3,0
2018-05-09 01:27:03,2,r/funny,1,2018-05-09 05:54:58,8,0,1,0
2018-05-09 01:27:03,2,r/funny,1,2018-05-09 04:40:59,6,0,1,0
2018-05-09 01:27:03,2,r/funny,1,2018-05-09 04:34:45,3,0,1,0
2018-05-09 01:27:03,2,r/funny,1,2018-05-09 05:13:32,2,0,1,0
2018-05-09 01:27:03,2,r/funny,1,2018-05-09 04:46:43,1,0,7,0
2018-05-09 01:27:03,2,r/funny,1,2018-05-09 04:36:42,1,0,5,0
2018-05-09 01:27:03,2,r/funny,1,2018-05-09 03:38:26,1,0,6,0
2018-05-09 01:27:03,2,r/funny,2,2018-05-09 02:16:06,0,4,873,0
2018-05-09 01:27:03,2,r/funny,2,2018-05-09 02:21:57,1,2,135,0
2018-05-09 01:27:03,2,r/funny,2,2018-05-09 02:50:41,2,1,73,0
2018-05-09 01:27:03,2,r/funny,2,2018-05-09 05:56:52,3,0,1,0
2018-05-09 01:27:03,2,r/funny,2,2018-05-09 04:38:54,2,0,0,0
2018-05-09 01:27:03,2,r/funny,2,2018-05-09 04:14:20,1,0,11,0
2018-05-09 01:27:03,2,r/funny,2,2018-05-09 04:53:54,1,0,1,0
2018-05-09 01:27:03,2,r/funny,2,2018-05-09 05:22:47,1,0,0,0
2018-05-09 01:27:03,2,r/funny,3,2018-05-09 02:10:40,0,5,347,0
2018-05-09 01:27:03,2,r/funny,3,2018-05-09 03:28:57,1,1,66,0
2018-05-09 01:27:03,2,r/funny,3,2018-05-09 03:34:25,2,2,16,0
2018-05-09 01:27:03,2,r/funny,3,2018-05-09 03:38:16,3,3,32,0
2018-05-09 01:27:03,2,r/funny,3,2018-05-09 04:22:00,4,1,11,0
2018-05-09 01:27:03,2,r/funny,3,2018-05-09 05:36:12,5,0,1,0
2018-05-09 01:27:03,2,r/funny,3,2018-05-09 04:11:28,4,0,2,0
2018-05-09 01:27:03,2,r/funny,3,2018-05-09 05:27:24,4,0,1,0
2018-05-09 01:27:03,2,r/funny,3,2018-05-09 03:53:18,3,1,3,0
2018-05-09 01:27:03,2,r/funny,3,2018-05-09 04:07:21,4,0,0,0
2018-05-09 01:27:03,2,r/funny,3,2018-05-09 04:01:43,1,2,29,0
2018-05-09 01:27:03,2,r/funny,3,2018-05-09 05:06:12,2,0,1,0
2018-05-09 01:27:03,2,r/funny,3,2018-05-09 04:04:19,2,1,-9,0
2018-05-09 01:27:03,2,r/funny,3,2018-05-09 04:51:19,3,0,1,0
2018-05-09 01:27:03,2,r/funny,3,2018-05-09 05:21:40,1,0,2,0
2018-05-09 01:27:03,2,r/funny,3,2018-05-09 05:48:40,1,0,2,0
2018-05-09 01:27:03,2,r/funny,3,2018-05-09 04:20:21,1,2,1,0
2018-05-09 01:27:03,2,r/funny,3,2018-05-09 04:25:42,2,0,10,0
2018-05-09 01:27:03,2,r/funny,3,2018-05-09 04:35:40,2,1,2,0
2018-05-09 01:27:03,2,r/funny,3,2018-05-09 04:49:25,3,0,1,0
2018-05-09 01:27:03,2,r/funny,4,2018-05-09 03:23:33,0,4,266,0
2018-05-09 01:27:03,2,r/funny,4,2018-05-09 03:55:58,1,5,94,0
2018-05-09 01:27:03,2,r/funny,4,2018-05-09 03:59:26,2,2,58,0
2018-05-09 01:27:03,2,r/funny,4,2018-05-09 04:33:59,3,0,6,0
2018-05-09 01:27:03,2,r/funny,4,2018-05-09 05:09:48,3,0,1,0
2018-05-09 01:27:03,2,r/funny,4,2018-05-09 04:08:13,2,0,17,0
2018-05-09 01:27:03,2,r/funny,4,2018-05-09 05:00:03,2,1,4,0
2018-05-09 01:27:03,2,r/funny,4,2018-05-09 05:10:37,3,0,1,0
2018-05-09 01:27:03,2,r/funny,4,2018-05-09 04:40:20,2,0,1,0
2018-05-09 01:27:03,2,r/funny,4,2018-05-09 05:21:50,2,0,1,0
2018-05-09 01:27:03,2,r/funny,4,2018-05-09 04:13:14,1,0,12,0
2018-05-09 01:27:03,2,r/funny,4,2018-05-09 03:49:27,1,0,25,0
2018-05-09 01:27:03,2,r/funny,4,2018-05-09 05:17:54,1,0,1,0
2018-05-09 01:27:03,2,r/funny,5,2018-05-09 02:08:48,0,5,113,0
2018-05-09 01:27:03,2,r/funny,5,2018-05-09 03:58:45,1,2,41,0
2018-05-09 01:27:03,2,r/funny,5,2018-05-09 04:42:48,2,0,4,0
2018-05-09 01:27:03,2,r/funny,5,2018-05-09 04:41:23,2,1,3,0
2018-05-09 01:27:03,2,r/funny,5,2018-05-09 05:29:51,3,0,1,0
2018-05-09 01:27:03,2,r/funny,5,2018-05-09 03:23:43,1,2,84,0
2018-05-09 01:27:03,2,r/funny,5,2018-05-09 03:36:12,2,2,38,0
2018-05-09 01:27:03,2,r/funny,5,2018-05-09 03:49:45,3,0,34,0
2018-05-09 01:27:03,2,r/funny,5,2018-05-09 04:36:11,3,1,11,0
2018-05-09 01:27:03,2,r/funny,5,2018-05-09 04:37:04,4,0,7,0
2018-05-09 01:27:03,2,r/funny,5,2018-05-09 04:05:12,2,0,15,0
2018-05-09 01:27:03,2,r/funny,5,2018-05-09 03:49:49,1,4,15,0
2018-05-09 01:27:03,2,r/funny,5,2018-05-09 04:00:11,2,0,23,0
2018-05-09 01:27:03,2,r/funny,5,2018-05-09 04:00:29,2,0,9,0
2018-05-09 01:27:03,2,r/funny,5,2018-05-09 05:10:40,2,0,2,0
2018-05-09 01:27:03,2,r/funny,5,2018-05-09 05:35:04,2,0,1,0
2018-05-09 01:27:03,2,r/funny,5,2018-05-09 04:25:34,1,0,12,0
2018-05-09 01:27:03,2,r/funny,5,2018-05-09 04:45:09,1,2,9,0
2018-05-09 01:27:03,2,r/funny,5,2018-05-09 05:17:38,2,1,2,0
2018-05-09 01:27:03,2,r/funny,5,2018-05-09 05:37:46,3,0,2,0
2018-05-09 01:27:03,2,r/funny,5,2018-05-09 05:24:14,2,0,1,0
2018-05-09 01:27:03,2,r/funny,6,2018-05-09 01:41:58,0,1,29,0
2018-05-09 01:27:03,2,r/funny,6,2018-05-09 05:03:04,1,0,1,0
2018-05-09 01:27:03,2,r/funny,7,2018-05-09 02:49:09,0,2,14,0
2018-05-09 01:27:03,2,r/funny,7,2018-05-09 03:49:38,1,2,24,0
2018-05-09 01:27:03,2,r/funny,7,2018-05-09 05:27:03,2,0,2,0
2018-05-09 01:27:03,2,r/funny,7,2018-05-09 05:36:28,2,0,1,0
2018-05-09 01:27:03,2,r/funny,7,2018-05-09 05:27:43,1,0,1,0
2018-05-09 01:27:03,2,r/funny,8,2018-05-09 02:17:58,0,3,23,0
2018-05-09 01:27:03,2,r/funny,8,2018-05-09 02:42:55,1,0,12,0
2018-05-09 01:27:03,2,r/funny,8,2018-05-09 04:20:04,1,0,12,0
2018-05-09 01:27:03,2,r/funny,8,2018-05-09 04:42:58,1,0,2,0
2018-05-09 01:27:03,2,r/funny,9,2018-05-09 02:49:14,0,0,11,0
2018-05-09 01:27:03,2,r/funny,10,2018-05-09 01:43:46,0,5,33,0
2018-05-09 01:27:03,2,r/funny,10,2018-05-09 03:27:51,1,2,47,0
2018-05-09 01:27:03,2,r/funny,10,2018-05-09 03:42:35,2,0,6,0
2018-05-09 01:27:03,2,r/funny,10,2018-05-09 03:45:51,2,1,1,0
2018-05-09 01:27:03,2,r/funny,10,2018-05-09 04:38:01,3,0,4,0
2018-05-09 01:27:03,2,r/funny,10,2018-05-09 02:29:07,1,0,3,0
2018-05-09 01:27:03,2,r/funny,10,2018-05-09 03:28:20,1,0,3,0
2018-05-09 01:27:03,2,r/funny,10,2018-05-09 05:15:44,1,0,1,0
2018-05-09 01:27:03,2,r/funny,10,2018-05-09 02:15:26,1,0,0,0
2018-05-09 01:27:03,2,r/funny,11,2018-05-09 02:21:24,0,0,8,0
2018-05-09 01:27:03,2,r/funny,12,2018-05-09 04:19:39,0,0,8,0
2018-05-09 01:27:03,2,r/funny,13,2018-05-09 02:44:39,0,0,6,0
2018-05-09 01:27:03,2,r/funny,14,2018-05-09 04:09:14,0,0,6,0
2018-05-09 01:27:03,2,r/funny,15,2018-05-09 03:55:20,0,1,12,0
2018-05-09 01:27:03,2,r/funny,15,2018-05-09 05:38:40,1,0,1,0
2018-05-09 01:27:03,2,r/funny,16,2018-05-09 04:24:21,0,2,5,0
2018-05-09 01:27:03,2,r/funny,16,2018-05-09 04:48:24,1,0,4,0
2018-05-09 01:27:03,2,r/funny,16,2018-05-09 04:46:36,1,0,1,0
2018-05-09 01:27:03,2,r/funny,17,2018-05-09 02:57:28,0,1,20,0
2018-05-09 01:27:03,2,r/funny,17,2018-05-09 04:22:31,1,1,1,0
2018-05-09 01:27:03,2,r/funny,17,2018-05-09 04:35:44,2,0,1,0
2018-05-09 01:27:03,2,r/funny,18,2018-05-09 02:40:12,0,0,12,0
2018-05-09 01:27:03,2,r/funny,19,2018-05-09 04:07:40,0,0,4,0
2018-05-09 01:27:03,2,r/funny,20,2018-05-09 04:19:52,0,0,4,0
2018-05-09 01:27:03,2,r/funny,21,2018-05-09 05:04:19,0,0,4,0
2018-05-09 01:27:03,2,r/funny,22,2018-05-09 03:34:51,0,0,3,0
2018-05-09 01:27:03,2,r/funny,23,2018-05-09 03:54:21,0,0,3,0
2018-05-09 01:27:03,2,r/funny,24,2018-05-09 03:56:20,0,1,3,0
2018-05-09 01:27:03,2,r/funny,24,2018-05-09 05:54:06,1,0,1,0
2018-05-09 01:27:03,2,r/funny,25,2018-05-09 04:09:09,0,0,3,0
2018-05-09 01:27:03,2,r/funny,26,2018-05-09 04:14:43,0,1,3,0
2018-05-09 01:27:03,2,r/funny,26,2018-05-09 04:44:51,1,0,2,0
2018-05-09 01:27:03,2,r/funny,27,2018-05-09 04:17:16,0,1,3,0
2018-05-09 01:27:03,2,r/funny,27,2018-05-09 04:44:32,1,1,0,0
2018-05-09 01:27:03,2,r/funny,27,2018-05-09 05:02:59,2,0,1,0
2018-05-09 01:27:03,2,r/funny,28,2018-05-09 02:10:40,0,0,2,0
2018-05-09 01:27:03,2,r/funny,29,2018-05-09 03:17:04,0,0,2,0
2018-05-09 01:27:03,2,r/funny,30,2018-05-09 04:05:39,0,1,2,0
2018-05-09 01:27:03,2,r/funny,30,2018-05-09 04:47:34,1,0,1,0
2018-05-09 01:27:03,2,r/funny,31,2018-05-09 04:26:57,0,0,2,0
2018-05-09 01:27:03,2,r/funny,32,2018-05-09 04:28:10,0,0,2,0
2018-05-09 01:27:03,2,r/funny,33,2018-05-09 04:29:20,0,0,2,0
2018-05-09 01:27:03,2,r/funny,34,2018-05-09 04:31:08,0,0,2,0
2018-05-09 01:27:03,2,r/funny,35,2018-05-09 05:18:00,0,1,2,0
2018-05-09 01:27:03,2,r/funny,35,2018-05-09 05:23:14,1,0,1,0
2018-05-09 01:27:03,2,r/funny,36,2018-05-09 04:19:23,0,0,4,0
2018-05-09 01:27:03,2,r/funny,37,2018-05-09 01:38:04,0,1,3,0
2018-05-09 01:27:03,2,r/funny,37,2018-05-09 05:54:05,1,1,1,0
2018-05-09 01:27:03,2,r/funny,37,2018-05-09 05:56:01,2,0,1,0
2018-05-09 01:27:03,2,r/funny,38,2018-05-09 02:12:07,0,0,1,0
2018-05-09 01:27:03,2,r/funny,39,2018-05-09 02:26:36,0,0,1,0
2018-05-09 01:27:03,2,r/funny,40,2018-05-09 02:31:02,0,0,1,0
2018-05-09 01:27:03,2,r/funny,41,2018-05-09 02:32:26,0,0,1,0
2018-05-09 01:27:03,2,r/funny,42,2018-05-09 02:44:37,0,0,1,0
2018-05-09 01:27:03,2,r/funny,43,2018-05-09 02:56:18,0,0,1,0
2018-05-09 01:27:03,2,r/funny,44,2018-05-09 03:02:08,0,0,1,0
2018-05-09 01:27:03,2,r/funny,45,2018-05-09 03:14:25,0,0,1,0
2018-05-09 01:27:03,2,r/funny,46,2018-05-09 03:19:23,0,0,1,0
2018-05-09 01:27:03,2,r/funny,47,2018-05-09 03:22:47,0,0,1,0
2018-05-09 01:27:03,2,r/funny,48,2018-05-09 03:31:46,0,0,1,0
2018-05-09 01:27:03,2,r/funny,49,2018-05-09 03:36:43,0,0,1,0
2018-05-09 01:27:03,2,r/funny,50,2018-05-09 03:39:44,0,0,1,0
2018-05-09 01:27:03,2,r/funny,51,2018-05-09 03:40:09,0,0,1,0
2018-05-09 01:27:03,2,r/funny,52,2018-05-09 03:43:47,0,0,1,0
2018-05-09 01:27:03,2,r/funny,53,2018-05-09 03:44:19,0,0,1,0
2018-05-09 01:27:03,2,r/funny,54,2018-05-09 03:46:02,0,0,1,0
2018-05-09 01:27:03,2,r/funny,55,2018-05-09 03:47:26,0,0,1,0
2018-05-09 01:27:03,2,r/funny,56,2018-05-09 03:49:10,0,0,1,0
2018-05-09 01:27:03,2,r/funny,57,2018-05-09 03:51:12,0,0,1,0
2018-05-09 01:27:03,2,r/funny,58,2018-05-09 03:52:03,0,0,1,0
2018-05-09 01:27:03,2,r/funny,59,2018-05-09 03:53:39,0,0,1,0
2018-05-09 01:27:03,2,r/funny,60,2018-05-09 03:55:00,0,0,1,0
2018-05-09 01:27:03,2,r/funny,61,2018-05-09 03:55:54,0,0,1,0
2018-05-09 01:27:03,2,r/funny,62,2018-05-09 03:56:12,0,0,1,0
2018-05-09 01:27:03,2,r/funny,63,2018-05-09 03:57:12,0,0,1,0
2018-05-09 01:27:03,2,r/funny,64,2018-05-09 03:58:13,0,0,1,0
2018-05-09 01:27:03,2,r/funny,65,2018-05-09 04:00:21,0,0,1,0
2018-05-09 01:27:03,2,r/funny,66,2018-05-09 04:01:09,0,0,1,0
2018-05-09 01:27:03,2,r/funny,67,2018-05-09 04:01:37,0,0,1,0
2018-05-09 01:27:03,2,r/funny,68,2018-05-09 04:02:09,0,0,1,0
2018-05-09 01:27:03,2,r/funny,69,2018-05-09 04:02:49,0,0,1,0
2018-05-09 01:27:03,2,r/funny,70,2018-05-09 04:03:29,0,0,1,0
2018-05-09 01:27:03,2,r/funny,71,2018-05-09 04:04:45,0,0,1,0
2018-05-09 01:27:03,2,r/funny,72,2018-05-09 04:04:47,0,0,1,0
2018-05-09 01:27:03,2,r/funny,73,2018-05-09 04:04:53,0,0,1,0
2018-05-09 01:27:03,2,r/funny,74,2018-05-09 04:05:16,0,1,1,0
2018-05-09 01:27:03,2,r/funny,74,2018-05-09 04:07:10,1,1,2,0
2018-05-09 01:27:03,2,r/funny,74,2018-05-09 04:08:55,2,0,1,0
2018-05-09 01:27:03,2,r/funny,75,2018-05-09 04:08:37,0,2,1,0
2018-05-09 01:27:03,2,r/funny,75,2018-05-09 04:15:09,1,0,1,0
2018-05-09 01:27:03,2,r/funny,75,2018-05-09 05:57:41,1,0,1,0
2018-05-09 01:27:03,2,r/funny,76,2018-05-09 04:08:54,0,0,1,0
2018-05-09 01:27:03,2,r/funny,77,2018-05-09 04:09:08,0,0,1,0
2018-05-09 01:27:03,2,r/funny,78,2018-05-09 04:09:58,0,2,1,0
2018-05-09 01:27:03,2,r/funny,78,2018-05-09 04:47:01,1,0,1,0
2018-05-09 01:27:03,2,r/funny,78,2018-05-09 05:56:15,1,0,1,0
2018-05-09 01:27:03,2,r/funny,79,2018-05-09 04:10:04,0,0,1,0
2018-05-09 01:27:03,2,r/funny,80,2018-05-09 04:10:09,0,0,1,0
2018-05-09 01:27:03,2,r/funny,81,2018-05-09 04:10:11,0,2,1,0
2018-05-09 01:27:03,2,r/funny,81,2018-05-09 04:46:48,1,0,2,0
2018-05-09 01:27:03,2,r/funny,81,2018-05-09 05:53:51,1,0,1,0
2018-05-09 01:27:03,2,r/funny,82,2018-05-09 04:10:25,0,0,1,0
2018-05-09 01:27:03,2,r/funny,83,2018-05-09 04:11:03,0,1,1,0
2018-05-09 01:27:03,2,r/funny,83,2018-05-09 04:46:14,1,1,1,0
2018-05-09 01:27:03,2,r/funny,83,2018-05-09 04:49:30,2,1,2,0
2018-05-09 01:27:03,2,r/funny,83,2018-05-09 04:51:28,3,0,1,0
2018-05-09 01:27:03,2,r/funny,84,2018-05-09 04:11:12,0,0,1,0
2018-05-09 01:27:03,2,r/funny,85,2018-05-09 04:11:13,0,0,1,0
2018-05-09 01:27:03,2,r/funny,86,2018-05-09 04:11:45,0,0,1,0
2018-05-09 01:27:03,2,r/funny,87,2018-05-09 04:12:12,0,0,1,0
2018-05-09 01:27:03,2,r/funny,88,2018-05-09 04:12:29,0,0,1,0
2018-05-09 01:27:03,2,r/funny,89,2018-05-09 04:13:00,0,0,1,0
2018-05-09 01:27:03,2,r/funny,90,2018-05-09 04:13:18,0,0,1,0
2018-05-09 01:27:03,2,r/funny,91,2018-05-09 04:13:51,0,0,1,0
2018-05-09 01:27:03,2,r/funny,92,2018-05-09 04:13:55,0,0,1,0
2018-05-09 01:27:03,2,r/funny,93,2018-05-09 04:18:01,0,0,1,0
2018-05-09 01:27:03,2,r/funny,94,2018-05-09 04:18:17,0,0,1,0
2018-05-09 01:27:03,2,r/funny,95,2018-05-09 04:19:28,0,0,1,0
2018-05-09 01:27:03,2,r/funny,96,2018-05-09 04:20:08,0,0,1,0
2018-05-09 01:27:03,2,r/funny,97,2018-05-09 04:20:55,0,0,1,0
2018-05-09 01:27:03,2,r/funny,98,2018-05-09 04:21:28,0,1,1,0
2018-05-09 01:27:03,2,r/funny,98,2018-05-09 04:44:10,1,1,1,0
2018-05-09 01:27:03,2,r/funny,98,2018-05-09 04:49:31,2,0,1,0
2018-05-09 01:27:03,2,r/funny,99,2018-05-09 04:21:48,0,0,1,0
2018-05-09 01:27:03,2,r/funny,100,2018-05-09 04:21:57,0,0,1,0
2018-05-09 01:27:03,2,r/funny,101,2018-05-09 04:22:35,0,0,1,0
2018-05-09 01:27:03,2,r/funny,102,2018-05-09 04:22:38,0,0,1,0
2018-05-09 01:27:03,2,r/funny,103,2018-05-09 04:22:40,0,0,1,0
2018-05-09 01:27:03,2,r/funny,104,2018-05-09 04:23:24,0,0,1,0
2018-05-09 01:27:03,2,r/funny,105,2018-05-09 04:23:31,0,0,1,0
2018-05-09 01:27:03,2,r/funny,106,2018-05-09 04:24:18,0,0,1,0
2018-05-09 01:27:03,2,r/funny,107,2018-05-09 04:27:12,0,0,1,0
2018-05-09 01:27:03,2,r/funny,108,2018-05-09 04:27:18,0,0,1,0
2018-05-09 01:27:03,2,r/funny,109,2018-05-09 04:27:58,0,0,1,0
2018-05-09 01:27:03,2,r/funny,110,2018-05-09 04:27:59,0,0,1,0
2018-05-09 01:27:03,2,r/funny,111,2018-05-09 04:28:04,0,0,1,0
2018-05-09 01:27:03,2,r/funny,112,2018-05-09 04:29:08,0,0,1,0
2018-05-09 01:27:03,2,r/funny,113,2018-05-09 04:29:49,0,1,1,0
2018-05-09 01:27:03,2,r/funny,113,2018-05-09 04:38:33,1,1,1,0
2018-05-09 01:27:03,2,r/funny,113,2018-05-09 05:06:18,2,0,1,0
2018-05-09 01:27:03,2,r/funny,114,2018-05-09 04:30:50,0,0,1,0
2018-05-09 01:27:03,2,r/funny,115,2018-05-09 04:30:55,0,0,1,0
2018-05-09 01:27:03,2,r/funny,116,2018-05-09 04:31:17,0,1,1,0
2018-05-09 01:27:03,2,r/funny,116,2018-05-09 04:45:59,1,0,1,0
2018-05-09 01:27:03,2,r/funny,117,2018-05-09 04:32:21,0,0,1,0
2018-05-09 01:27:03,2,r/funny,118,2018-05-09 04:32:39,0,0,1,0
2018-05-09 01:27:03,2,r/funny,119,2018-05-09 04:32:42,0,0,1,0
2018-05-09 01:27:03,2,r/funny,120,2018-05-09 04:33:13,0,0,1,0
2018-05-09 01:27:03,2,r/funny,121,2018-05-09 04:33:36,0,0,1,0
2018-05-09 01:27:03,2,r/funny,122,2018-05-09 04:34:01,0,0,1,0
2018-05-09 01:27:03,2,r/funny,123,2018-05-09 04:34:32,0,0,1,0
2018-05-09 01:27:03,2,r/funny,124,2018-05-09 04:34:52,0,0,1,0
2018-05-09 01:27:03,2,r/funny,125,2018-05-09 04:35:12,0,0,1,0
2018-05-09 01:27:03,2,r/funny,126,2018-05-09 04:35:39,0,0,1,0
2018-05-09 01:27:03,2,r/funny,127,2018-05-09 04:35:52,0,0,1,0
2018-05-09 01:27:03,2,r/funny,128,2018-05-09 04:36:14,0,0,1,0
2018-05-09 01:27:03,2,r/funny,129,2018-05-09 04:36:54,0,0,1,0
2018-05-09 01:27:03,2,r/funny,130,2018-05-09 04:37:32,0,0,1,0
2018-05-09 01:27:03,2,r/funny,131,2018-05-09 04:37:43,0,0,1,0
2018-05-09 01:27:03,2,r/funny,132,2018-05-09 04:39:00,0,0,1,0
2018-05-09 01:27:03,2,r/funny,133,2018-05-09 04:39:15,0,0,1,0
2018-05-09 01:27:03,2,r/funny,134,2018-05-09 04:39:54,0,0,1,0
2018-05-09 01:27:03,2,r/funny,135,2018-05-09 04:42:41,0,0,1,0
2018-05-09 01:27:03,2,r/funny,136,2018-05-09 04:43:45,0,0,1,0
2018-05-09 01:27:03,2,r/funny,137,2018-05-09 04:44:37,0,0,1,0
2018-05-09 01:27:03,2,r/funny,138,2018-05-09 04:44:39,0,0,1,0
2018-05-09 01:27:03,2,r/funny,139,2018-05-09 04:44:47,0,0,1,0
2018-05-09 01:27:03,2,r/funny,140,2018-05-09 04:45:14,0,0,1,0
2018-05-09 01:27:03,2,r/funny,141,2018-05-09 04:46:33,0,0,1,0
2018-05-09 01:27:03,2,r/funny,142,2018-05-09 04:46:35,0,0,1,0
2018-05-09 01:27:03,2,r/funny,143,2018-05-09 04:46:39,0,0,1,0
2018-05-09 01:27:03,2,r/funny,144,2018-05-09 04:47:06,0,0,1,0
2018-05-09 01:27:03,2,r/funny,145,2018-05-09 04:47:22,0,0,1,0
2018-05-09 01:27:03,2,r/funny,146,2018-05-09 04:49:01,0,0,1,0
2018-05-09 01:27:03,2,r/funny,147,2018-05-09 04:49:47,0,0,1,0
2018-05-09 01:27:03,2,r/funny,148,2018-05-09 04:49:57,0,0,1,0
2018-05-09 01:27:03,2,r/funny,149,2018-05-09 04:50:21,0,0,1,0
2018-05-09 01:27:03,2,r/funny,150,2018-05-09 04:50:42,0,0,1,0
2018-05-09 01:27:03,2,r/funny,151,2018-05-09 04:51:20,0,0,1,0
2018-05-09 01:27:03,2,r/funny,152,2018-05-09 04:51:48,0,0,1,0
2018-05-09 01:27:03,2,r/funny,153,2018-05-09 04:52:25,0,0,1,0
2018-05-09 01:27:03,2,r/funny,154,2018-05-09 04:53:05,0,0,1,0
2018-05-09 01:27:03,2,r/funny,155,2018-05-09 04:53:08,0,0,1,0
2018-05-09 01:27:03,2,r/funny,156,2018-05-09 04:53:43,0,0,1,0
2018-05-09 01:27:03,2,r/funny,157,2018-05-09 04:54:08,0,0,1,0
2018-05-09 01:27:03,2,r/funny,158,2018-05-09 04:54:48,0,0,1,0
2018-05-09 01:27:03,2,r/funny,159,2018-05-09 04:54:59,0,0,1,0
2018-05-09 01:27:03,2,r/funny,160,2018-05-09 04:55:29,0,0,1,0
2018-05-09 01:27:03,2,r/funny,161,2018-05-09 04:57:05,0,0,1,0
2018-05-09 01:27:03,2,r/funny,162,2018-05-09 04:57:13,0,0,1,0
2018-05-09 01:27:03,2,r/funny,163,2018-05-09 04:57:14,0,0,1,0
2018-05-09 01:27:03,2,r/funny,164,2018-05-09 04:57:40,0,0,1,0
2018-05-09 01:27:03,2,r/funny,165,2018-05-09 04:57:45,0,0,1,0
2018-05-09 01:27:03,2,r/funny,166,2018-05-09 04:58:32,0,0,1,0
2018-05-09 01:27:03,2,r/funny,167,2018-05-09 04:58:55,0,0,1,0
2018-05-09 01:27:03,2,r/funny,168,2018-05-09 04:59:17,0,0,1,0
2018-05-09 01:27:03,2,r/funny,169,2018-05-09 04:59:21,0,0,1,0
2018-05-09 01:27:03,2,r/funny,170,2018-05-09 05:00:50,0,0,1,0
2018-05-09 01:27:03,2,r/funny,171,2018-05-09 05:01:46,0,0,1,0
2018-05-09 01:27:03,2,r/funny,172,2018-05-09 05:03:21,0,0,1,0
2018-05-09 01:27:03,2,r/funny,173,2018-05-09 05:04:21,0,0,1,0
2018-05-09 01:27:03,2,r/funny,174,2018-05-09 05:05:35,0,0,1,0
2018-05-09 01:27:03,2,r/funny,175,2018-05-09 05:05:51,0,0,1,0
2018-05-09 01:27:03,2,r/funny,176,2018-05-09 05:06:09,0,0,1,0
2018-05-09 01:27:03,2,r/funny,177,2018-05-09 05:06:16,0,0,1,0
2018-05-09 01:27:03,2,r/funny,178,2018-05-09 05:07:12,0,0,1,0
2018-05-09 01:27:03,2,r/funny,179,2018-05-09 05:07:26,0,0,1,0
2018-05-09 01:27:03,2,r/funny,180,2018-05-09 05:09:09,0,0,1,0
2018-05-09 01:27:03,2,r/funny,181,2018-05-09 05:09:11,0,0,1,0
2018-05-09 01:27:03,2,r/funny,182,2018-05-09 05:10:59,0,0,1,0
2018-05-09 01:27:03,2,r/funny,183,2018-05-09 05:12:18,0,0,1,0
2018-05-09 01:27:03,2,r/funny,184,2018-05-09 05:13:20,0,0,1,0
2018-05-09 01:27:03,2,r/funny,185,2018-05-09 05:13:53,0,0,1,0
2018-05-09 01:27:03,2,r/funny,186,2018-05-09 05:14:06,0,0,1,0
2018-05-09 01:27:03,2,r/funny,187,2018-05-09 05:15:06,0,0,1,0
2018-05-09 01:27:03,2,r/funny,188,2018-05-09 05:15:08,0,0,1,0
2018-05-09 01:27:03,2,r/funny,189,2018-05-09 05:15:09,0,0,1,0
2018-05-09 01:27:03,2,r/funny,190,2018-05-09 05:15:38,0,0,1,0
2018-05-09 01:27:03,2,r/funny,191,2018-05-09 05:15:58,0,0,1,0
2018-05-09 01:27:03,2,r/funny,192,2018-05-09 05:17:17,0,0,1,0
2018-05-09 01:27:03,2,r/funny,193,2018-05-09 05:18:40,0,0,1,0
2018-05-09 01:27:03,2,r/funny,194,2018-05-09 05:19:21,0,0,1,0
2018-05-09 01:27:03,2,r/funny,195,2018-05-09 05:19:28,0,0,1,0
2018-05-09 01:27:03,2,r/funny,196,2018-05-09 05:19:31,0,0,1,0
2018-05-09 01:27:03,2,r/funny,197,2018-05-09 05:20:16,0,0,1,0
2018-05-09 01:27:03,2,r/funny,198,2018-05-09 05:21:31,0,0,1,0
2018-05-09 01:27:03,2,r/funny,199,2018-05-09 05:21:32,0,0,1,0
2018-05-09 01:27:03,2,r/funny,200,2018-05-09 05:21:52,0,0,1,0
2018-05-09 01:27:03,2,r/funny,201,2018-05-09 05:22:11,0,0,1,0
2018-05-09 01:27:03,2,r/funny,202,2018-05-09 05:24:26,0,0,1,0
2018-05-09 01:27:03,2,r/funny,203,2018-05-09 05:25:56,0,0,1,0
2018-05-09 01:27:03,2,r/funny,204,2018-05-09 05:26:18,0,0,1,0
2018-05-09 01:27:03,2,r/funny,205,2018-05-09 05:26:39,0,0,1,0
2018-05-09 01:27:03,2,r/funny,206,2018-05-09 05:26:42,0,0,1,0
2018-05-09 01:27:03,2,r/funny,207,2018-05-09 05:26:42,0,0,1,0
2018-05-09 01:27:03,2,r/funny,208,2018-05-09 05:26:44,0,0,1,0
2018-05-09 01:27:03,2,r/funny,209,2018-05-09 05:27:11,0,0,1,0
2018-05-09 01:27:03,2,r/funny,210,2018-05-09 05:27:55,0,0,1,0
2018-05-09 01:27:03,2,r/funny,211,2018-05-09 05:29:30,0,0,1,0
2018-05-09 01:27:03,2,r/funny,212,2018-05-09 05:30:18,0,0,1,0
2018-05-09 01:27:03,2,r/funny,213,2018-05-09 05:30:52,0,0,1,0
2018-05-09 01:27:03,2,r/funny,214,2018-05-09 05:31:01,0,0,1,0
2018-05-09 01:27:03,2,r/funny,215,2018-05-09 05:33:29,0,0,1,0
2018-05-09 01:27:03,2,r/funny,216,2018-05-09 05:34:45,0,0,1,0
2018-05-09 01:27:03,2,r/funny,217,2018-05-09 05:35:29,0,0,1,0
2018-05-09 01:27:03,2,r/funny,218,2018-05-09 05:38:16,0,0,1,0
2018-05-09 01:27:03,2,r/funny,219,2018-05-09 05:39:28,0,0,1,0
2018-05-09 01:27:03,2,r/funny,220,2018-05-09 05:39:53,0,0,1,0
2018-05-09 01:27:03,2,r/funny,221,2018-05-09 05:40:25,0,0,1,0
2018-05-09 01:27:03,2,r/funny,222,2018-05-09 05:42:25,0,0,1,0
2018-05-09 01:27:03,2,r/funny,223,2018-05-09 05:42:39,0,0,1,0
2018-05-09 01:27:03,2,r/funny,224,2018-05-09 05:42:42,0,0,1,0
2018-05-09 01:27:03,2,r/funny,225,2018-05-09 05:43:44,0,0,1,0
2018-05-09 01:27:03,2,r/funny,226,2018-05-09 05:45:59,0,0,1,0
2018-05-09 01:27:03,2,r/funny,227,2018-05-09 05:46:04,0,0,1,0
2018-05-09 01:27:03,2,r/funny,228,2018-05-09 05:47:06,0,0,1,0
2018-05-09 01:27:03,2,r/funny,229,2018-05-09 05:47:59,0,0,1,0
2018-05-09 01:27:03,2,r/funny,230,2018-05-09 05:51:17,0,0,1,0
2018-05-09 01:27:03,2,r/funny,231,2018-05-09 05:52:56,0,0,1,0
2018-05-09 01:27:03,2,r/funny,232,2018-05-09 05:53:14,0,0,1,0
2018-05-09 01:27:03,2,r/funny,233,2018-05-09 05:54:41,0,0,1,0
2018-05-09 01:27:03,2,r/funny,234,2018-05-09 05:54:56,0,0,1,0
2018-05-09 01:27:03,2,r/funny,235,2018-05-09 05:54:57,0,0,1,0
2018-05-09 01:27:03,2,r/funny,236,2018-05-09 05:55:40,0,0,1,0
2018-05-09 01:27:03,2,r/funny,237,2018-05-09 05:58:56,0,0,1,0
2018-05-09 01:27:03,2,r/funny,238,2018-05-09 01:31:37,0,0,1,0
2018-05-09 01:27:03,2,r/funny,239,2018-05-09 03:29:40,0,0,1,0
2018-05-09 01:27:03,2,r/funny,240,2018-05-09 03:39:35,0,0,1,0
2018-05-09 01:27:03,2,r/funny,241,2018-05-09 04:43:53,0,1,1,0
2018-05-09 01:27:03,2,r/funny,241,2018-05-09 04:47:48,1,0,1,0
2018-05-09 01:27:03,2,r/funny,242,2018-05-09 05:21:31,0,0,1,0
2018-05-09 01:27:03,2,r/funny,243,2018-05-09 04:05:45,0,1,0,0
2018-05-09 01:27:03,2,r/funny,244,2018-05-09 01:58:03,0,1,-1,0
2018-05-09 01:27:03,2,r/funny,244,2018-05-09 04:14:58,1,0,2,0
2018-05-09 01:27:03,2,r/funny,245,2018-05-09 01:56:49,0,0,0,0
2018-05-09 01:27:03,2,r/funny,246,2018-05-09 03:51:50,0,0,-2,0
2018-05-09 01:27:03,2,r/funny,247,2018-05-09 03:24:33,0,0,-1,0
2018-05-09 01:27:03,2,r/funny,248,2018-05-09 04:00:04,0,0,-1,0
2018-05-09 00:07:49,3,r/technology,0,2018-05-09 03:26:31,0,31,3913,0
2018-05-09 00:07:49,3,r/technology,0,2018-05-09 03:49:18,1,12,886,0
2018-05-09 00:07:49,3,r/technology,0,2018-05-09 03:52:07,2,7,671,0
2018-05-09 00:07:49,3,r/technology,0,2018-05-09 03:58:52,3,9,189,0
2018-05-09 00:07:49,3,r/technology,0,2018-05-09 04:02:25,4,5,75,0
2018-05-09 00:07:49,3,r/technology,0,2018-05-09 04:04:37,5,3,107,0
2018-05-09 00:07:49,3,r/technology,0,2018-05-09 04:32:44,6,2,14,0
2018-05-09 00:07:49,3,r/technology,0,2018-05-09 04:43:27,7,3,14,0
2018-05-09 00:07:49,3,r/technology,0,2018-05-09 04:48:19,8,1,6,0
2018-05-09 00:07:49,3,r/technology,0,2018-05-09 05:16:53,9,1,6,0
2018-05-09 00:07:49,3,r/technology,0,2018-05-09 05:10:18,8,0,1,0
2018-05-09 00:07:49,3,r/technology,0,2018-05-09 04:25:43,6,0,2,0
2018-05-09 00:07:49,3,r/technology,0,2018-05-09 04:33:37,5,0,6,0
2018-05-09 00:07:49,3,r/technology,0,2018-05-09 04:40:25,5,1,4,0
2018-05-09 00:07:49,3,r/technology,0,2018-05-09 04:52:31,6,0,4,0
2018-05-09 00:07:49,3,r/technology,0,2018-05-09 04:56:09,5,0,2,0
2018-05-09 00:07:49,3,r/technology,0,2018-05-09 05:07:55,5,0,2,0
2018-05-09 00:07:49,3,r/technology,0,2018-05-09 04:02:40,4,1,16,0
2018-05-09 00:07:49,3,r/technology,0,2018-05-09 04:27:28,5,0,20,0
2018-05-09 00:07:49,3,r/technology,0,2018-05-09 04:44:23,4,1,7,0
2018-05-09 00:07:49,3,r/technology,0,2018-05-09 04:53:41,5,0,1,0
2018-05-09 00:07:49,3,r/technology,0,2018-05-09 04:44:38,4,0,4,0
2018-05-09 00:07:49,3,r/technology,0,2018-05-09 04:06:30,4,0,3,0
2018-05-09 00:07:49,3,r/technology,0,2018-05-09 04:24:59,4,1,4,0
2018-05-09 00:07:49,3,r/technology,0,2018-05-09 04:55:38,5,0,2,0
2018-05-09 00:07:49,3,r/technology,0,2018-05-09 05:00:38,4,0,1,0
2018-05-09 00:07:49,3,r/technology,0,2018-05-09 05:11:31,4,1,1,0
2018-05-09 00:07:49,3,r/technology,0,2018-05-09 04:02:40,3,6,60,0
2018-05-09 00:07:49,3,r/technology,0,2018-05-09 04:20:34,4,2,37,0
2018-05-09 00:07:49,3,r/technology,0,2018-05-09 04:34:04,5,0,9,0
2018-05-09 00:07:49,3,r/technology,0,2018-05-09 04:37:23,5,0,1,0
2018-05-09 00:07:49,3,r/technology,0,2018-05-09 04:13:15,4,1,6,0
2018-05-09 00:07:49,3,r/technology,0,2018-05-09 04:19:46,5,0,8,0
2018-05-09 00:07:49,3,r/technology,0,2018-05-09 04:27:19,4,0,3,0
2018-05-09 00:07:49,3,r/technology,0,2018-05-09 04:13:13,4,1,1,0
2018-05-09 00:07:49,3,r/technology,0,2018-05-09 04:17:39,4,0,1,0
2018-05-09 00:07:49,3,r/technology,0,2018-05-09 04:34:01,4,0,1,0
2018-05-09 00:07:49,3,r/technology,0,2018-05-09 03:59:58,3,0,4,0
2018-05-09 00:07:49,3,r/technology,0,2018-05-09 04:02:20,3,1,1,0
2018-05-09 00:07:49,3,r/technology,0,2018-05-09 04:18:18,4,0,1,0
2018-05-09 00:07:49,3,r/technology,0,2018-05-09 04:16:24,3,0,1,0
2018-05-09 00:07:49,3,r/technology,0,2018-05-09 04:45:27,3,0,1,0
2018-05-09 00:07:49,3,r/technology,0,2018-05-09 03:56:11,2,3,14,0
2018-05-09 00:07:49,3,r/technology,0,2018-05-09 04:02:27,3,5,7,0
2018-05-09 00:07:49,3,r/technology,0,2018-05-09 04:35:30,4,1,3,0
2018-05-09 00:07:49,3,r/technology,0,2018-05-09 04:52:32,5,1,2,0
2018-05-09 00:07:49,3,r/technology,0,2018-05-09 05:04:03,6,1,1,0
2018-05-09 00:07:49,3,r/technology,0,2018-05-09 05:09:52,7,1,1,0
2018-05-09 00:07:49,3,r/technology,0,2018-05-09 04:38:03,4,0,2,0
2018-05-09 00:07:49,3,r/technology,0,2018-05-09 04:50:14,4,0,2,0
2018-05-09 00:07:49,3,r/technology,0,2018-05-09 05:04:02,4,0,1,0
2018-05-09 00:07:49,3,r/technology,0,2018-05-09 04:36:04,3,0,1,0
2018-05-09 00:07:49,3,r/technology,0,2018-05-09 04:10:53,2,1,12,0
2018-05-09 00:07:49,3,r/technology,0,2018-05-09 04:48:49,3,1,2,0
2018-05-09 00:07:49,3,r/technology,0,2018-05-09 04:52:50,4,2,3,0
2018-05-09 00:07:49,3,r/technology,0,2018-05-09 05:05:43,5,1,3,0
2018-05-09 00:07:49,3,r/technology,0,2018-05-09 05:10:05,6,0,1,0
2018-05-09 00:07:49,3,r/technology,0,2018-05-09 05:14:13,5,1,2,0
2018-05-09 00:07:49,3,r/technology,0,2018-05-09 03:52:23,2,0,5,0
2018-05-09 00:07:49,3,r/technology,0,2018-05-09 04:28:01,2,0,2,0
2018-05-09 00:07:49,3,r/technology,0,2018-05-09 03:53:20,2,1,5,0
2018-05-09 00:07:49,3,r/technology,0,2018-05-09 04:03:10,3,0,3,0
2018-05-09 00:07:49,3,r/technology,0,2018-05-09 03:53:20,2,2,1,0
2018-05-09 00:07:49,3,r/technology,0,2018-05-09 04:04:49,3,1,1,0
2018-05-09 00:07:49,3,r/technology,0,2018-05-09 04:09:35,4,0,1,0
2018-05-09 00:07:49,3,r/technology,0,2018-05-09 04:12:52,3,0,1,0
2018-05-09 00:07:49,3,r/technology,0,2018-05-09 04:13:39,2,0,1,0
2018-05-09 00:07:49,3,r/technology,0,2018-05-09 04:21:53,2,0,1,0
2018-05-09 00:07:49,3,r/technology,0,2018-05-09 04:50:56,2,0,1,0
2018-05-09 00:07:49,3,r/technology,0,2018-05-09 04:51:33,2,0,1,0
2018-05-09 00:07:49,3,r/technology,0,2018-05-09 03:59:46,1,9,146,0
2018-05-09 00:07:49,3,r/technology,0,2018-05-09 04:23:17,2,1,67,0
2018-05-09 00:07:49,3,r/technology,0,2018-05-09 04:39:11,3,0,14,0
2018-05-09 00:07:49,3,r/technology,0,2018-05-09 04:25:24,2,2,6,0
2018-05-09 00:07:49,3,r/technology,0,2018-05-09 04:51:49,3,0,2,0
2018-05-09 00:07:49,3,r/technology,0,2018-05-09 04:08:00,2,1,10,0
2018-05-09 00:07:49,3,r/technology,0,2018-05-09 04:26:12,3,1,8,0
2018-05-09 00:07:49,3,r/technology,0,2018-05-09 04:48:51,4,2,3,0
2018-05-09 00:07:49,3,r/technology,0,2018-05-09 04:56:58,5,0,1,0
2018-05-09 00:07:49,3,r/technology,0,2018-05-09 04:37:26,2,0,3,0
2018-05-09 00:07:49,3,r/technology,0,2018-05-09 04:41:55,2,0,2,0
2018-05-09 00:07:49,3,r/technology,0,2018-05-09 04:16:05,2,0,1,0
2018-05-09 00:07:49,3,r/technology,0,2018-05-09 04:16:28,2,1,1,0
2018-05-09 00:07:49,3,r/technology,0,2018-05-09 04:27:39,3,0,2,0
2018-05-09 00:07:49,3,r/technology,0,2018-05-09 04:33:45,2,0,1,0
2018-05-09 00:07:49,3,r/technology,0,2018-05-09 03:57:13,1,3,92,0
2018-05-09 00:07:49,3,r/technology,0,2018-05-09 04:28:41,2,0,5,0
2018-05-09 00:07:49,3,r/technology,0,2018-05-09 04:40:54,2,1,2,0
2018-05-09 00:07:49,3,r/technology,0,2018-05-09 04:51:28,3,0,3,0
2018-05-09 00:07:49,3,r/technology,0,2018-05-09 04:26:47,2,0,1,0
2018-05-09 00:07:49,3,r/technology,0,2018-05-09 04:02:55,1,3,19,0
2018-05-09 00:07:49,3,r/technology,0,2018-05-09 04:29:18,2,1,10,0
2018-05-09 00:07:49,3,r/technology,0,2018-05-09 04:34:36,3,2,9,0
2018-05-09 00:07:49,3,r/technology,0,2018-05-09 04:43:30,4,1,2,0
2018-05-09 00:07:49,3,r/technology,0,2018-05-09 04:33:22,2,0,2,0
2018-05-09 00:07:49,3,r/technology,0,2018-05-09 04:35:24,2,0,1,0
2018-05-09 00:07:49,3,r/technology,0,2018-05-09 04:00:46,1,5,31,0
2018-05-09 00:07:49,3,r/technology,0,2018-05-09 04:07:10,2,2,8,0
2018-05-09 00:07:49,3,r/technology,0,2018-05-09 04:19:15,3,1,15,0
2018-05-09 00:07:49,3,r/technology,0,2018-05-09 04:45:52,4,1,1,0
2018-05-09 00:07:49,3,r/technology,0,2018-05-09 05:26:06,5,0,3,0
2018-05-09 00:07:49,3,r/technology,0,2018-05-09 04:54:23,3,0,3,0
2018-05-09 00:07:49,3,r/technology,0,2018-05-09 04:29:30,2,0,2,0
2018-05-09 00:07:49,3,r/technology,0,2018-05-09 04:53:25,2,0,1,0
2018-05-09 00:07:49,3,r/technology,0,2018-05-09 04:54:39,2,0,1,0
2018-05-09 00:07:49,3,r/technology,0,2018-05-09 03:56:30,1,2,7,0
2018-05-09 00:07:49,3,r/technology,0,2018-05-09 04:14:22,2,0,1,0
2018-05-09 00:07:49,3,r/technology,0,2018-05-09 04:14:51,2,1,1,0
2018-05-09 00:07:49,3,r/technology,0,2018-05-09 04:25:44,3,0,1,0
2018-05-09 00:07:49,3,r/technology,0,2018-05-09 04:47:19,1,0,6,0
2018-05-09 00:07:49,3,r/technology,0,2018-05-09 04:41:21,1,1,4,0
2018-05-09 00:07:49,3,r/technology,0,2018-05-09 04:43:12,2,0,2,0
2018-05-09 00:07:49,3,r/technology,0,2018-05-09 04:10:45,1,0,2,0
2018-05-09 00:07:49,3,r/technology,0,2018-05-09 04:13:26,1,1,2,0
2018-05-09 00:07:49,3,r/technology,0,2018-05-09 04:36:06,2,0,2,0
2018-05-09 00:07:49,3,r/technology,0,2018-05-09 04:17:04,1,0,2,0
2018-05-09 00:07:49,3,r/technology,0,2018-05-09 04:40:56,1,0,2,0
2018-05-09 00:07:49,3,r/technology,0,2018-05-09 04:47:29,1,0,2,0
2018-05-09 00:07:49,3,r/technology,0,2018-05-09 04:50:41,1,0,2,0
2018-05-09 00:07:49,3,r/technology,0,2018-05-09 04:54:05,1,1,2,0
2018-05-09 00:07:49,3,r/technology,0,2018-05-09 04:55:10,2,0,1,0
2018-05-09 00:07:49,3,r/technology,0,2018-05-09 05:14:19,1,1,2,0
2018-05-09 00:07:49,3,r/technology,0,2018-05-09 05:24:13,1,1,2,0
2018-05-09 00:07:49,3,r/technology,0,2018-05-09 05:40:24,1,0,2,0
2018-05-09 00:07:49,3,r/technology,0,2018-05-09 05:46:00,1,1,2,0
2018-05-09 00:07:49,3,r/technology,0,2018-05-09 04:01:21,1,1,1,0
2018-05-09 00:07:49,3,r/technology,0,2018-05-09 04:31:21,2,1,1,0
2018-05-09 00:07:49,3,r/technology,0,2018-05-09 04:09:46,1,0,1,0
2018-05-09 00:07:49,3,r/technology,0,2018-05-09 04:10:41,1,1,1,0
2018-05-09 00:07:49,3,r/technology,0,2018-05-09 04:35:00,2,1,1,0
2018-05-09 00:07:49,3,r/technology,0,2018-05-09 04:16:50,1,1,1,0
2018-05-09 00:07:49,3,r/technology,0,2018-05-09 04:38:05,2,0,1,0
2018-05-09 00:07:49,3,r/technology,0,2018-05-09 04:25:26,1,0,1,0
2018-05-09 00:07:49,3,r/technology,0,2018-05-09 04:29:44,1,1,1,0
2018-05-09 00:07:49,3,r/technology,0,2018-05-09 04:39:52,2,1,1,0
2018-05-09 00:07:49,3,r/technology,0,2018-05-09 04:37:34,1,0,1,0
2018-05-09 00:07:49,3,r/technology,0,2018-05-09 04:40:26,1,1,1,0
2018-05-09 00:07:49,3,r/technology,0,2018-05-09 04:40:59,2,0,1,0
2018-05-09 00:07:49,3,r/technology,0,2018-05-09 05:01:01,1,1,1,0
2018-05-09 00:07:49,3,r/technology,0,2018-05-09 05:05:03,2,0,1,0
2018-05-09 00:07:49,3,r/technology,0,2018-05-09 05:09:44,1,1,1,0
2018-05-09 00:07:49,3,r/technology,0,2018-05-09 05:12:09,1,0,1,0
2018-05-09 00:07:49,3,r/technology,1,2018-05-09 00:40:47,0,17,3175,0
2018-05-09 00:07:49,3,r/technology,1,2018-05-09 03:53:59,1,19,1041,0
2018-05-09 00:07:49,3,r/technology,1,2018-05-09 04:27:04,2,2,271,0
2018-05-09 00:07:49,3,r/technology,1,2018-05-09 04:50:04,3,0,20,0
2018-05-09 00:07:49,3,r/technology,1,2018-05-09 05:14:05,3,3,47,0
2018-05-09 00:07:49,3,r/technology,1,2018-05-09 05:40:53,4,1,11,0
2018-05-09 00:07:49,3,r/technology,1,2018-05-09 05:42:09,4,1,2,0
2018-05-09 00:07:49,3,r/technology,1,2018-05-09 05:46:34,5,0,2,0
2018-05-09 00:07:49,3,r/technology,1,2018-05-09 04:26:43,2,4,86,0
2018-05-09 00:07:49,3,r/technology,1,2018-05-09 04:40:28,3,2,38,0
2018-05-09 00:07:49,3,r/technology,1,2018-05-09 05:03:14,4,1,27,0
2018-05-09 00:07:49,3,r/technology,1,2018-05-09 04:29:29,3,3,35,0
2018-05-09 00:07:49,3,r/technology,1,2018-05-09 05:17:50,4,0,3,0
2018-05-09 00:07:49,3,r/technology,1,2018-05-09 04:53:19,4,0,2,0
2018-05-09 00:07:49,3,r/technology,1,2018-05-09 04:41:48,3,0,1,0
2018-05-09 00:07:49,3,r/technology,1,2018-05-09 04:17:54,2,0,68,0
2018-05-09 00:07:49,3,r/technology,1,2018-05-09 04:20:42,2,0,42,0
2018-05-09 00:07:49,3,r/technology,1,2018-05-09 04:21:44,2,0,23,0
2018-05-09 00:07:49,3,r/technology,1,2018-05-09 04:29:06,2,0,8,0
2018-05-09 00:07:49,3,r/technology,1,2018-05-09 04:46:24,2,0,3,0
2018-05-09 00:07:49,3,r/technology,1,2018-05-09 04:48:09,2,0,2,0
2018-05-09 00:07:49,3,r/technology,1,2018-05-09 04:34:35,2,0,2,0
2018-05-09 00:07:49,3,r/technology,1,2018-05-09 04:46:15,2,0,1,0
2018-05-09 00:07:49,3,r/technology,1,2018-05-09 04:51:40,2,0,1,0
2018-05-09 00:07:49,3,r/technology,1,2018-05-09 04:51:55,2,0,1,0
2018-05-09 00:07:49,3,r/technology,1,2018-05-09 04:53:52,2,0,1,0
2018-05-09 00:07:49,3,r/technology,1,2018-05-09 04:58:40,2,0,1,0
2018-05-09 00:07:49,3,r/technology,1,2018-05-09 04:58:55,2,0,1,0
2018-05-09 00:07:49,3,r/technology,1,2018-05-09 05:03:50,2,0,1,0
2018-05-09 00:07:49,3,r/technology,1,2018-05-09 05:04:22,2,0,1,0
2018-05-09 00:07:49,3,r/technology,1,2018-05-09 05:07:43,2,0,1,0
2018-05-09 00:07:49,3,r/technology,1,2018-05-09 01:20:26,1,4,433,0
2018-05-09 00:07:49,3,r/technology,1,2018-05-09 03:56:49,2,0,106,0
2018-05-09 00:07:49,3,r/technology,1,2018-05-09 03:17:19,2,4,112,0
2018-05-09 00:07:49,3,r/technology,1,2018-05-09 03:31:33,3,1,49,0
2018-05-09 00:07:49,3,r/technology,1,2018-05-09 04:27:59,4,1,25,0
2018-05-09 00:07:49,3,r/technology,1,2018-05-09 04:57:27,5,0,2,0
2018-05-09 00:07:49,3,r/technology,1,2018-05-09 03:33:02,3,6,25,0
2018-05-09 00:07:49,3,r/technology,1,2018-05-09 03:47:48,4,6,44,0
2018-05-09 00:07:49,3,r/technology,1,2018-05-09 03:55:53,5,4,18,0
2018-05-09 00:07:49,3,r/technology,1,2018-05-09 04:21:17,6,0,14,0
2018-05-09 00:07:49,3,r/technology,1,2018-05-09 04:04:26,6,1,12,0
2018-05-09 00:07:49,3,r/technology,1,2018-05-09 04:22:16,7,0,13,0
2018-05-09 00:07:49,3,r/technology,1,2018-05-09 04:06:20,6,0,9,0
2018-05-09 00:07:49,3,r/technology,1,2018-05-09 04:22:06,6,0,3,0
2018-05-09 00:07:49,3,r/technology,1,2018-05-09 03:57:24,5,1,2,0
2018-05-09 00:07:49,3,r/technology,1,2018-05-09 04:22:05,6,1,3,0
2018-05-09 00:07:49,3,r/technology,1,2018-05-09 04:51:33,7,0,1,0
2018-05-09 00:07:49,3,r/technology,1,2018-05-09 04:21:21,5,0,1,0
2018-05-09 00:07:49,3,r/technology,1,2018-05-09 04:23:10,5,1,1,0
2018-05-09 00:07:49,3,r/technology,1,2018-05-09 04:35:23,6,0,3,0
2018-05-09 00:07:49,3,r/technology,1,2018-05-09 04:31:57,5,0,1,0
2018-05-09 00:07:49,3,r/technology,1,2018-05-09 04:58:03,5,0,1,0
2018-05-09 00:07:49,3,r/technology,1,2018-05-09 03:44:48,4,3,8,0
2018-05-09 00:07:49,3,r/technology,1,2018-05-09 04:35:52,5,0,7,0
2018-05-09 00:07:49,3,r/technology,1,2018-05-09 04:07:03,5,0,2,0
2018-05-09 00:07:49,3,r/technology,1,2018-05-09 04:33:11,5,0,1,0
2018-05-09 00:07:49,3,r/technology,1,2018-05-09 04:52:27,4,0,2,0
2018-05-09 00:07:49,3,r/technology,1,2018-05-09 04:15:01,4,0,1,0
2018-05-09 00:07:49,3,r/technology,1,2018-05-09 04:32:23,4,0,1,0
2018-05-09 00:07:49,3,r/technology,1,2018-05-09 03:40:07,3,1,5,0
2018-05-09 00:07:49,3,r/technology,1,2018-05-09 03:54:24,4,2,7,0
2018-05-09 00:07:49,3,r/technology,1,2018-05-09 05:04:24,5,0,1,0
2018-05-09 00:07:49,3,r/technology,1,2018-05-09 04:11:12,3,0,1,0
2018-05-09 00:07:49,3,r/technology,1,2018-05-09 04:44:16,2,0,1,0
2018-05-09 00:07:49,3,r/technology,1,2018-05-09 04:01:54,1,3,51,0
2018-05-09 00:07:49,3,r/technology,1,2018-05-09 04:35:29,2,0,13,0
2018-05-09 00:07:49,3,r/technology,1,2018-05-09 04:44:58,2,1,1,0
2018-05-09 00:07:49,3,r/technology,1,2018-05-09 04:54:44,3,1,2,0
2018-05-09 00:07:49,3,r/technology,1,2018-05-09 05:06:52,4,0,2,0
2018-05-09 00:07:49,3,r/technology,1,2018-05-09 02:34:56,1,3,57,0
2018-05-09 00:07:49,3,r/technology,1,2018-05-09 03:34:09,2,2,27,0
2018-05-09 00:07:49,3,r/technology,1,2018-05-09 04:06:58,3,1,13,0
2018-05-09 00:07:49,3,r/technology,1,2018-05-09 03:55:36,3,0,4,0
2018-05-09 00:07:49,3,r/technology,1,2018-05-09 04:19:32,2,0,1,0
2018-05-09 00:07:49,3,r/technology,1,2018-05-09 03:35:06,1,0,6,0
2018-05-09 00:07:49,3,r/technology,1,2018-05-09 04:41:00,1,0,2,0
2018-05-09 00:07:49,3,r/technology,1,2018-05-09 04:44:25,1,0,2,0
2018-05-09 00:07:49,3,r/technology,1,2018-05-09 04:47:01,1,0,2,0
2018-05-09 00:07:49,3,r/technology,1,2018-05-09 05:14:07,1,0,2,0
2018-05-09 00:07:49,3,r/technology,1,2018-05-09 05:15:12,1,0,2,0
2018-05-09 00:07:49,3,r/technology,1,2018-05-09 03:45:48,1,1,5,0
2018-05-09 00:07:49,3,r/technology,1,2018-05-09 04:12:03,2,1,8,0
2018-05-09 00:07:49,3,r/technology,1,2018-05-09 04:54:33,3,0,3,0
2018-05-09 00:07:49,3,r/technology,1,2018-05-09 04:08:09,1,0,1,0
2018-05-09 00:07:49,3,r/technology,1,2018-05-09 04:20:37,1,0,1,0
2018-05-09 00:07:49,3,r/technology,1,2018-05-09 04:28:33,1,0,1,0
2018-05-09 00:07:49,3,r/technology,1,2018-05-09 05:02:09,1,0,1,0
2018-05-09 00:07:49,3,r/technology,1,2018-05-09 05:10:11,1,0,1,0
2018-05-09 00:07:49,3,r/technology,2,2018-05-09 01:37:51,0,7,1281,0
2018-05-09 00:07:49,3,r/technology,2,2018-05-09 04:13:26,1,1,104,0
2018-05-09 00:07:49,3,r/technology,2,2018-05-09 03:42:02,1,2,204,0
2018-05-09 00:07:49,3,r/technology,2,2018-05-09 04:11:16,2,0,98,0
2018-05-09 00:07:49,3,r/technology,2,2018-05-09 04:10:00,1,3,53,0
2018-05-09 00:07:49,3,r/technology,2,2018-05-09 04:57:39,2,0,18,0
2018-05-09 00:07:49,3,r/technology,2,2018-05-09 05:07:47,2,0,1,0
2018-05-09 00:07:49,3,r/technology,2,2018-05-09 02:29:37,1,1,263,0
2018-05-09 00:07:49,3,r/technology,2,2018-05-09 03:01:37,2,1,215,0
2018-05-09 00:07:49,3,r/technology,2,2018-05-09 03:30:38,3,1,80,0
2018-05-09 00:07:49,3,r/technology,2,2018-05-09 03:35:25,4,1,34,0
2018-05-09 00:07:49,3,r/technology,2,2018-05-09 03:47:05,5,1,24,0
2018-05-09 00:07:49,3,r/technology,2,2018-05-09 04:34:08,6,1,2,0
2018-05-09 00:07:49,3,r/technology,2,2018-05-09 04:45:52,7,1,2,0
2018-05-09 00:07:49,3,r/technology,2,2018-05-09 04:46:15,1,1,9,0
2018-05-09 00:07:49,3,r/technology,2,2018-05-09 04:39:50,1,0,2,0
2018-05-09 00:07:49,3,r/technology,3,2018-05-09 01:28:14,0,14,1074,0
2018-05-09 00:07:49,3,r/technology,3,2018-05-09 02:12:09,1,2,467,0
2018-05-09 00:07:49,3,r/technology,3,2018-05-09 03:14:34,2,3,179,0
2018-05-09 00:07:49,3,r/technology,3,2018-05-09 03:39:58,3,3,102,0
2018-05-09 00:07:49,3,r/technology,3,2018-05-09 05:28:16,4,1,7,0
2018-05-09 00:07:49,3,r/technology,3,2018-05-09 05:06:04,4,0,1,0
2018-05-09 00:07:49,3,r/technology,3,2018-05-09 03:42:58,3,1,22,0
2018-05-09 00:07:49,3,r/technology,3,2018-05-09 04:59:55,4,1,1,0
2018-05-09 00:07:49,3,r/technology,3,2018-05-09 03:38:59,3,0,7,0
2018-05-09 00:07:49,3,r/technology,3,2018-05-09 04:49:14,2,0,13,0
2018-05-09 00:07:49,3,r/technology,3,2018-05-09 02:17:49,1,2,55,0
2018-05-09 00:07:49,3,r/technology,3,2018-05-09 04:56:09,2,0,10,0
2018-05-09 00:07:49,3,r/technology,3,2018-05-09 03:44:57,1,1,38,0
2018-05-09 00:07:49,3,r/technology,3,2018-05-09 03:56:51,2,1,15,0
2018-05-09 00:07:49,3,r/technology,3,2018-05-09 04:20:58,3,1,1,0
2018-05-09 00:07:49,3,r/technology,3,2018-05-09 03:13:29,1,0,14,0
2018-05-09 00:07:49,3,r/technology,3,2018-05-09 03:27:05,1,1,15,0
2018-05-09 00:07:49,3,r/technology,3,2018-05-09 04:52:12,2,0,2,0
2018-05-09 00:07:49,3,r/technology,3,2018-05-09 01:52:06,1,1,32,0
2018-05-09 00:07:49,3,r/technology,3,2018-05-09 05:22:39,2,0,2,0
2018-05-09 00:07:49,3,r/technology,3,2018-05-09 02:20:56,1,0,11,0
2018-05-09 00:07:49,3,r/technology,3,2018-05-09 04:28:07,1,0,3,0
2018-05-09 00:07:49,3,r/technology,3,2018-05-09 03:39:24,1,0,4,0
2018-05-09 00:07:49,3,r/technology,3,2018-05-09 03:40:09,1,5,3,0
2018-05-09 00:07:49,3,r/technology,3,2018-05-09 04:25:22,2,2,29,0
2018-05-09 00:07:49,3,r/technology,3,2018-05-09 05:45:54,3,0,3,0
2018-05-09 00:07:49,3,r/technology,3,2018-05-09 04:33:13,2,3,5,0
2018-05-09 00:07:49,3,r/technology,3,2018-05-09 04:49:55,3,0,1,0
2018-05-09 00:07:49,3,r/technology,3,2018-05-09 05:11:50,3,0,2,0
2018-05-09 00:07:49,3,r/technology,3,2018-05-09 04:56:29,2,1,7,0
2018-05-09 00:07:49,3,r/technology,3,2018-05-09 04:00:29,2,2,2,0
2018-05-09 00:07:49,3,r/technology,3,2018-05-09 04:17:47,3,0,5,0
2018-05-09 00:07:49,3,r/technology,3,2018-05-09 05:00:07,3,0,1,0
2018-05-09 00:07:49,3,r/technology,3,2018-05-09 04:10:20,1,0,1,0
2018-05-09 00:07:49,3,r/technology,3,2018-05-09 04:14:27,1,0,1,0
2018-05-09 00:07:49,3,r/technology,3,2018-05-09 04:27:02,1,0,1,0
2018-05-09 00:07:49,3,r/technology,3,2018-05-09 05:11:43,1,0,1,0
2018-05-09 00:07:49,3,r/technology,4,2018-05-09 02:03:43,0,5,189,0
2018-05-09 00:07:49,3,r/technology,4,2018-05-09 02:27:17,1,2,34,0
2018-05-09 00:07:49,3,r/technology,4,2018-05-09 03:32:26,2,0,31,0
2018-05-09 00:07:49,3,r/technology,4,2018-05-09 04:14:53,1,0,1,0
2018-05-09 00:07:49,3,r/technology,4,2018-05-09 04:31:02,1,0,1,0
2018-05-09 00:07:49,3,r/technology,4,2018-05-09 04:58:17,1,0,1,0
2018-05-09 00:07:49,3,r/technology,5,2018-05-09 01:06:55,0,13,1701,0
2018-05-09 00:07:49,3,r/technology,5,2018-05-09 03:51:33,1,1,43,0
2018-05-09 00:07:49,3,r/technology,5,2018-05-09 05:00:55,2,1,2,0
2018-05-09 00:07:49,3,r/technology,5,2018-05-09 01:48:00,1,5,223,0
2018-05-09 00:07:49,3,r/technology,5,2018-05-09 01:49:09,2,2,286,0
2018-05-09 00:07:49,3,r/technology,5,2018-05-09 04:46:02,3,0,6,0
2018-05-09 00:07:49,3,r/technology,5,2018-05-09 04:51:02,3,0,2,0
2018-05-09 00:07:49,3,r/technology,5,2018-05-09 02:44:38,2,1,87,0
2018-05-09 00:07:49,3,r/technology,5,2018-05-09 03:15:02,3,2,17,0
2018-05-09 00:07:49,3,r/technology,5,2018-05-09 04:20:43,4,0,1,0
2018-05-09 00:07:49,3,r/technology,5,2018-05-09 03:25:02,2,1,27,0
2018-05-09 00:07:49,3,r/technology,5,2018-05-09 03:35:38,2,0,2,0
2018-05-09 00:07:49,3,r/technology,5,2018-05-09 03:57:14,1,2,154,0
2018-05-09 00:07:49,3,r/technology,5,2018-05-09 04:54:18,2,3,24,0
2018-05-09 00:07:49,3,r/technology,5,2018-05-09 05:48:32,3,0,2,0
2018-05-09 00:07:49,3,r/technology,5,2018-05-09 05:48:44,3,0,2,0
2018-05-09 00:07:49,3,r/technology,5,2018-05-09 05:53:12,3,0,2,0
2018-05-09 00:07:49,3,r/technology,5,2018-05-09 03:34:47,1,1,55,0
2018-05-09 00:07:49,3,r/technology,5,2018-05-09 03:43:42,2,0,28,0
2018-05-09 00:07:49,3,r/technology,5,2018-05-09 02:18:18,1,2,68,0
2018-05-09 00:07:49,3,r/technology,5,2018-05-09 03:36:23,2,4,25,0
2018-05-09 00:07:49,3,r/technology,5,2018-05-09 03:39:01,3,1,103,0
2018-05-09 00:07:49,3,r/technology,5,2018-05-09 03:44:32,4,1,16,0
2018-05-09 00:07:49,3,r/technology,5,2018-05-09 03:46:55,5,0,9,0
2018-05-09 00:07:49,3,r/technology,5,2018-05-09 03:49:59,3,2,16,0
2018-05-09 00:07:49,3,r/technology,5,2018-05-09 05:39:29,4,0,2,0
2018-05-09 00:07:49,3,r/technology,5,2018-05-09 04:07:26,3,0,4,0
2018-05-09 00:07:49,3,r/technology,5,2018-05-09 03:38:03,1,2,21,0
2018-05-09 00:07:49,3,r/technology,5,2018-05-09 03:59:55,2,0,7,0
2018-05-09 00:07:49,3,r/technology,5,2018-05-09 02:27:59,1,0,8,0
2018-05-09 00:07:49,3,r/technology,5,2018-05-09 03:28:18,1,0,6,0
2018-05-09 00:07:49,3,r/technology,5,2018-05-09 02:27:49,1,1,3,0
2018-05-09 00:07:49,3,r/technology,5,2018-05-09 04:12:58,1,0,1,0
2018-05-09 00:07:49,3,r/technology,5,2018-05-09 04:59:40,1,0,1,0
2018-05-09 00:07:49,3,r/technology,5,2018-05-09 05:01:48,1,0,1,0
2018-05-09 00:07:49,3,r/technology,6,2018-05-09 03:02:15,0,3,83,0
2018-05-09 00:07:49,3,r/technology,6,2018-05-09 04:51:03,1,0,24,0
2018-05-09 00:07:49,3,r/technology,6,2018-05-09 03:52:30,1,0,15,0
2018-05-09 00:07:49,3,r/technology,7,2018-05-09 02:21:01,0,7,363,0
2018-05-09 00:07:49,3,r/technology,7,2018-05-09 02:51:32,1,1,190,0
2018-05-09 00:07:49,3,r/technology,7,2018-05-09 04:05:36,2,3,59,0
2018-05-09 00:07:49,3,r/technology,7,2018-05-09 04:18:49,3,3,33,0
2018-05-09 00:07:49,3,r/technology,7,2018-05-09 04:25:21,4,0,16,0
2018-05-09 00:07:49,3,r/technology,7,2018-05-09 04:57:03,4,0,2,0
2018-05-09 00:07:49,3,r/technology,7,2018-05-09 05:07:55,3,0,1,0
2018-05-09 00:07:49,3,r/technology,7,2018-05-09 04:35:30,3,0,2,0
2018-05-09 00:07:49,3,r/technology,7,2018-05-09 03:38:38,1,1,22,0
2018-05-09 00:07:49,3,r/technology,7,2018-05-09 04:17:48,1,0,2,0
2018-05-09 00:07:49,3,r/technology,7,2018-05-09 04:28:56,1,0,2,0
2018-05-09 00:07:49,3,r/technology,7,2018-05-09 04:46:15,1,0,1,0
2018-05-09 00:07:49,3,r/technology,7,2018-05-09 05:08:31,1,0,1,0
2018-05-09 00:07:49,3,r/technology,8,2018-05-09 01:51:06,0,5,494,0
2018-05-09 00:07:49,3,r/technology,8,2018-05-09 02:51:56,1,3,205,0
2018-05-09 00:07:49,3,r/technology,8,2018-05-09 03:09:09,2,0,89,0
2018-05-09 00:07:49,3,r/technology,8,2018-05-09 04:16:28,2,0,1,0
2018-05-09 00:07:49,3,r/technology,8,2018-05-09 04:22:29,1,0,10,0
2018-05-09 00:07:49,3,r/technology,8,2018-05-09 03:43:19,1,1,13,0
2018-05-09 00:07:49,3,r/technology,8,2018-05-09 05:37:39,1,0,2,0
2018-05-09 00:07:49,3,r/technology,9,2018-05-09 03:02:59,0,5,93,0
2018-05-09 00:07:49,3,r/technology,9,2018-05-09 04:34:29,1,1,32,0
2018-05-09 00:07:49,3,r/technology,9,2018-05-09 04:29:57,1,0,6,0
2018-05-09 00:07:49,3,r/technology,9,2018-05-09 05:03:01,1,1,1,0
2018-05-09 00:07:49,3,r/technology,9,2018-05-09 05:08:55,1,0,1,0
2018-05-09 00:07:49,3,r/technology,10,2018-05-09 01:51:10,0,4,123,0
2018-05-09 00:07:49,3,r/technology,10,2018-05-09 02:56:32,1,1,64,0
2018-05-09 00:07:49,3,r/technology,10,2018-05-09 04:13:49,2,1,12,0
2018-05-09 00:07:49,3,r/technology,10,2018-05-09 05:08:39,3,1,2,0
2018-05-09 00:07:49,3,r/technology,10,2018-05-09 05:10:32,4,0,1,0
2018-05-09 00:07:49,3,r/technology,10,2018-05-09 04:24:52,1,1,19,0
2018-05-09 00:07:49,3,r/technology,10,2018-05-09 05:02:25,1,0,2,0
2018-05-09 00:07:49,3,r/technology,11,2018-05-09 04:04:30,0,0,31,0
2018-05-09 00:07:49,3,r/technology,12,2018-05-09 01:55:47,0,3,147,0
2018-05-09 00:07:49,3,r/technology,12,2018-05-09 01:58:52,1,1,63,0
2018-05-09 00:07:49,3,r/technology,12,2018-05-09 02:55:18,2,0,30,0
2018-05-09 00:07:49,3,r/technology,12,2018-05-09 04:16:46,1,2,15,0
2018-05-09 00:07:49,3,r/technology,12,2018-05-09 04:49:10,2,0,5,0
2018-05-09 00:07:49,3,r/technology,13,2018-05-09 01:01:03,0,1,88,0
2018-05-09 00:07:49,3,r/technology,13,2018-05-09 01:48:44,1,0,42,0
2018-05-09 00:07:49,3,r/technology,14,2018-05-09 00:50:08,0,3,111,0
2018-05-09 00:07:49,3,r/technology,14,2018-05-09 02:48:53,1,2,42,0
2018-05-09 00:07:49,3,r/technology,14,2018-05-09 03:44:36,2,1,13,0
2018-05-09 00:07:49,3,r/technology,14,2018-05-09 04:06:55,3,0,2,0
2018-05-09 00:07:49,3,r/technology,14,2018-05-09 01:49:09,1,1,5,0
2018-05-09 00:07:49,3,r/technology,14,2018-05-09 03:19:22,2,0,2,0
2018-05-09 00:07:49,3,r/technology,15,2018-05-09 01:21:29,0,2,93,0
2018-05-09 00:07:49,3,r/technology,15,2018-05-09 03:21:59,1,3,35,0
2018-05-09 00:07:49,3,r/technology,15,2018-05-09 03:37:19,2,1,29,0
2018-05-09 00:07:49,3,r/technology,15,2018-05-09 04:39:32,2,0,1,0
2018-05-09 00:07:49,3,r/technology,16,2018-05-09 01:29:27,0,1,43,0
2018-05-09 00:07:49,3,r/technology,16,2018-05-09 02:28:19,1,2,55,0
2018-05-09 00:07:49,3,r/technology,16,2018-05-09 03:59:33,2,1,6,0
2018-05-09 00:07:49,3,r/technology,16,2018-05-09 05:22:45,3,0,2,0
2018-05-09 00:07:49,3,r/technology,16,2018-05-09 05:04:21,2,0,1,0
2018-05-09 00:07:49,3,r/technology,17,2018-05-09 02:57:16,0,1,25,0
2018-05-09 00:07:49,3,r/technology,18,2018-05-09 02:18:02,0,0,28,0
2018-05-09 00:07:49,3,r/technology,19,2018-05-09 01:28:19,0,5,69,0
2018-05-09 00:07:49,3,r/technology,19,2018-05-09 03:15:51,1,1,20,0
2018-05-09 00:07:49,3,r/technology,19,2018-05-09 03:17:44,2,1,3,0
2018-05-09 00:07:49,3,r/technology,19,2018-05-09 03:50:37,3,1,2,0
2018-05-09 00:07:49,3,r/technology,19,2018-05-09 01:32:53,1,3,64,0
2018-05-09 00:07:49,3,r/technology,19,2018-05-09 03:23:43,2,0,14,0
2018-05-09 00:07:49,3,r/technology,19,2018-05-09 01:36:48,2,2,8,0
2018-05-09 00:07:49,3,r/technology,19,2018-05-09 02:33:31,3,4,5,0
2018-05-09 00:07:49,3,r/technology,19,2018-05-09 02:38:20,4,1,10,0
2018-05-09 00:07:49,3,r/technology,19,2018-05-09 03:06:47,5,0,12,0
2018-05-09 00:07:49,3,r/technology,19,2018-05-09 03:35:18,4,0,3,0
2018-05-09 00:07:49,3,r/technology,19,2018-05-09 03:27:09,4,0,2,0
2018-05-09 00:07:49,3,r/technology,19,2018-05-09 04:16:10,3,1,1,0
2018-05-09 00:07:49,3,r/technology,19,2018-05-09 04:21:45,4,0,1,0
2018-05-09 00:07:49,3,r/technology,19,2018-05-09 02:26:08,1,1,9,0
2018-05-09 00:07:49,3,r/technology,19,2018-05-09 04:07:36,2,0,1,0
2018-05-09 00:07:49,3,r/technology,19,2018-05-09 03:46:06,1,1,5,0
2018-05-09 00:07:49,3,r/technology,19,2018-05-09 03:50:00,2,0,1,0
2018-05-09 00:07:49,3,r/technology,20,2018-05-09 04:44:31,0,0,6,0
2018-05-09 00:07:49,3,r/technology,21,2018-05-09 04:51:45,0,0,5,0
2018-05-09 00:07:49,3,r/technology,22,2018-05-09 05:03:59,0,0,5,0
2018-05-09 00:07:49,3,r/technology,23,2018-05-09 01:17:00,0,0,16,0
2018-05-09 00:07:49,3,r/technology,24,2018-05-09 05:12:20,0,0,4,0
2018-05-09 00:07:49,3,r/technology,25,2018-05-09 04:19:32,0,1,12,0
2018-05-09 00:07:49,3,r/technology,26,2018-05-09 02:00:05,0,3,16,0
2018-05-09 00:07:49,3,r/technology,26,2018-05-09 02:47:17,1,1,16,0
2018-05-09 00:07:49,3,r/technology,26,2018-05-09 04:22:06,1,0,1,0
2018-05-09 00:07:49,3,r/technology,27,2018-05-09 03:04:43,0,0,7,0
2018-05-09 00:07:49,3,r/technology,28,2018-05-09 03:55:31,0,1,9,0
2018-05-09 00:07:49,3,r/technology,29,2018-05-09 03:36:40,0,0,2,0
2018-05-09 00:07:49,3,r/technology,30,2018-05-09 05:20:27,0,0,3,0
2018-05-09 00:07:49,3,r/technology,31,2018-05-09 05:57:43,0,0,3,0
2018-05-09 00:07:49,3,r/technology,32,2018-05-09 02:21:00,0,0,8,0
2018-05-09 00:07:49,3,r/technology,33,2018-05-09 04:00:20,0,0,6,0
2018-05-09 00:07:49,3,r/technology,34,2018-05-09 04:02:57,0,0,6,0
2018-05-09 00:07:49,3,r/technology,35,2018-05-09 04:13:19,0,0,4,0
2018-05-09 00:07:49,3,r/technology,36,2018-05-09 05:07:03,0,0,4,0
2018-05-09 00:07:49,3,r/technology,37,2018-05-09 04:19:21,0,1,6,0
2018-05-09 00:07:49,3,r/technology,37,2018-05-09 05:02:40,1,0,2,0
2018-05-09 00:07:49,3,r/technology,38,2018-05-09 03:44:48,0,1,6,0
2018-05-09 00:07:49,3,r/technology,39,2018-05-09 05:08:02,0,1,4,0
2018-05-09 00:07:49,3,r/technology,40,2018-05-09 05:18:19,0,1,3,0
2018-05-09 00:07:49,3,r/technology,41,2018-05-09 05:26:24,0,0,3,0
2018-05-09 00:07:49,3,r/technology,42,2018-05-09 03:02:56,0,7,14,0
2018-05-09 00:07:49,3,r/technology,42,2018-05-09 04:15:37,1,0,18,0
2018-05-09 00:07:49,3,r/technology,42,2018-05-09 05:17:11,1,0,6,0
2018-05-09 00:07:49,3,r/technology,42,2018-05-09 04:07:15,1,1,11,0
2018-05-09 00:07:49,3,r/technology,42,2018-05-09 05:41:54,1,0,2,0
2018-05-09 00:07:49,3,r/technology,42,2018-05-09 03:53:56,1,4,8,0
2018-05-09 00:07:49,3,r/technology,42,2018-05-09 04:30:46,2,1,16,0
2018-05-09 00:07:49,3,r/technology,42,2018-05-09 05:47:25,3,0,2,0
2018-05-09 00:07:49,3,r/technology,42,2018-05-09 04:36:34,2,1,8,0
2018-05-09 00:07:49,3,r/technology,42,2018-05-09 05:47:57,3,0,2,0
2018-05-09 00:07:49,3,r/technology,42,2018-05-09 05:21:10,2,1,2,0
2018-05-09 00:07:49,3,r/technology,42,2018-05-09 05:48:31,3,0,2,0
2018-05-09 00:07:49,3,r/technology,42,2018-05-09 04:25:01,1,0,5,0
2018-05-09 00:07:49,3,r/technology,43,2018-05-09 04:09:10,0,1,5,0
2018-05-09 00:07:49,3,r/technology,44,2018-05-09 02:31:58,0,1,6,0
2018-05-09 00:07:49,3,r/technology,44,2018-05-09 03:55:31,1,1,14,0
2018-05-09 00:07:49,3,r/technology,45,2018-05-09 04:11:21,0,0,3,0
2018-05-09 00:07:49,3,r/technology,46,2018-05-09 04:46:52,0,1,4,0
2018-05-09 00:07:49,3,r/technology,47,2018-05-09 03:25:13,0,2,4,0
2018-05-09 00:07:49,3,r/technology,47,2018-05-09 04:24:11,1,0,3,0
2018-05-09 00:07:49,3,r/technology,47,2018-05-09 03:50:46,1,0,2,0
2018-05-09 00:07:49,3,r/technology,48,2018-05-09 03:47:47,0,1,2,0
2018-05-09 00:07:49,3,r/technology,49,2018-05-09 04:24:10,0,0,2,0
2018-05-09 00:07:49,3,r/technology,50,2018-05-09 01:40:23,0,2,-1,0
2018-05-09 00:07:49,3,r/technology,50,2018-05-09 02:16:38,1,1,11,0
2018-05-09 00:07:49,3,r/technology,50,2018-05-09 03:21:56,2,1,8,0
2018-05-09 00:07:49,3,r/technology,50,2018-05-09 03:37:37,3,0,5,0
2018-05-09 00:07:49,3,r/technology,51,2018-05-09 03:41:36,0,3,2,0
2018-05-09 00:07:49,3,r/technology,51,2018-05-09 04:03:49,1,1,15,0
2018-05-09 00:07:49,3,r/technology,51,2018-05-09 04:39:28,1,0,14,0
2018-05-09 00:07:49,3,r/technology,52,2018-05-09 03:39:49,0,4,-5,0
2018-05-09 00:07:49,3,r/technology,52,2018-05-09 03:53:15,1,0,26,0
2018-05-09 00:07:49,3,r/technology,52,2018-05-09 04:32:51,1,0,11,0
2018-05-09 00:07:49,3,r/technology,52,2018-05-09 05:30:51,1,0,3,0
2018-05-09 00:07:49,3,r/technology,53,2018-05-09 00:57:25,0,0,2,0
2018-05-09 00:07:49,3,r/technology,54,2018-05-09 02:14:05,0,0,1,0
2018-05-09 00:07:49,3,r/technology,55,2018-05-09 03:17:22,0,1,-1,0
2018-05-09 00:07:49,3,r/technology,56,2018-05-09 03:36:08,0,0,0,0
2018-05-09 00:07:49,3,r/technology,57,2018-05-09 04:12:09,0,0,1,0
